Rk,Name,Age,Tm,IP,PAu,G,PA,AB,R,H,2B,3B,HR,SB,CS,BB,SO,BA,OBP,SLG,OPS,BAbip,TB,GDP,HBP,SH,SF,IBB,ROE,Name-additional
1,Fernando Abad*,37,COL,6.1,,6,32,29,3,11,2,0,2,1,0,3,2,.379,.438,.655,1.093,.360,19,2,0,0,0,0,0,abadfe01
2,Andrew Abbott*,24,CIN,61.2,,10,237,217,13,40,6,1,8,1,2,19,66,.184,.249,.332,.581,.222,72,3,0,0,1,0,0,abbotan01
3,Cory Abbott,27,WSN,21.1,,11,95,80,14,23,2,0,4,3,1,11,17,.288,.379,.463,.841,.311,37,4,2,0,2,0,0,abbotco01
4,Albert Abreu,27,NYY,42.0,,34,186,159,26,34,8,0,6,3,0,22,47,.214,.323,.377,.700,.262,60,2,4,0,1,1,2,abreual01
5,Bryan Abreu,26,HOU,48.1,,49,199,173,17,35,7,0,6,3,1,19,73,.202,.289,.347,.636,.302,60,3,3,2,2,0,1,abreubr01
6,Domingo Acevedo,29,OAK,9.1,,9,47,42,11,16,5,2,2,2,0,2,7,.381,.404,.738,1.142,.400,31,0,1,0,2,1,0,acevedo01
7,Garrett Acton,25,OAK,5.2,,6,32,26,8,9,4,0,3,0,0,5,5,.346,.469,.846,1.315,.333,22,0,1,0,0,2,0,actonga01
8,Jason Adam,31,TBR,42.0,,44,176,151,15,27,4,1,4,9,0,16,52,.179,.295,.298,.593,.242,45,3,9,0,0,0,0,adamja01
9,Austin Adams,32,ARI,15.1,,21,69,59,11,13,1,0,1,4,0,6,18,.220,.333,.288,.621,.300,17,0,4,0,0,0,0,adamsau02
10,Ty Adcock,26,SEA,15.2,,12,58,58,7,11,1,1,4,1,0,0,11,.190,.190,.448,.638,.163,26,1,0,0,0,0,2,adcocty01
11,Joan Adon,24,WSN,5.0,,2,20,17,3,3,0,0,2,1,0,2,4,.176,.250,.529,.779,.083,9,0,0,0,1,0,0,adonjo01
12,Keegan Akin*,28,BAL,23.2,,24,112,104,22,35,6,2,2,0,2,7,27,.337,.375,.490,.865,.434,51,1,0,0,1,2,1,akinke01
13,Hanser Alberto,30,CHW,1.2,,2,12,11,4,6,0,0,1,0,0,1,1,.545,.583,.818,1.402,.556,9,0,0,0,0,0,0,alberha01
14,Jorge Alcala,27,MIN,15.1,,10,66,56,12,13,3,0,4,2,0,8,12,.232,.333,.500,.833,.220,28,2,1,0,1,0,1,alcaljo01
15,Sandy Alcantara,27,MIA,135.1,,21,564,515,70,131,25,1,14,15,2,37,113,.254,.307,.388,.695,.298,200,10,4,2,5,0,3,alcansa01
16,Scott Alexander*,33,SFG,29.0,,34,117,109,13,24,3,1,1,3,0,6,16,.220,.267,.294,.561,.250,32,3,1,1,0,1,0,alexasc02
17,Tyler Alexander*,28,DET,44.0,,25,181,172,25,44,10,0,8,1,0,5,44,.256,.283,.453,.737,.298,78,6,2,0,1,0,2,alexaty01
18,Kolby Allard*,25,ATL,12.1,,4,56,52,9,16,3,0,2,1,0,4,13,.308,.357,.481,.838,.378,25,1,0,0,0,0,0,allarko01
19,Logan Allen*,24,CLE,74.1,,14,321,292,30,74,20,0,8,0,4,25,76,.253,.314,.404,.719,.317,118,3,1,2,0,0,5,allenlo02
20,Yency Almonte,29,LAD,42.2,,44,178,159,24,36,6,0,5,3,0,16,42,.226,.309,.358,.667,.277,57,6,3,0,0,1,1,almonye01
21,José Alvarado*,28,PHI,26.0,,26,107,97,7,21,6,0,2,3,1,9,39,.216,.283,.340,.623,.339,33,1,0,1,0,1,1,alvarjo03
22,Adbert Alzolay,28,CHC,45.0,,39,174,161,15,35,6,1,3,1,2,7,51,.217,.260,.323,.583,.294,52,5,3,1,2,0,2,alzolad01
23,Chase Anderson,35,TOT,60.2,,14,268,239,41,70,8,2,14,2,2,20,44,.293,.360,.519,.878,.306,124,5,6,1,2,0,0,anderch01
24,Chase Anderson,35,TBR,5.0,,2,18,17,0,2,0,0,0,1,0,1,2,.118,.167,.118,.284,.133,2,0,0,0,0,0,0,anderch01
25,Chase Anderson,35,COL,55.2,,12,250,222,41,68,8,2,14,1,2,19,42,.306,.373,.550,.923,.321,122,5,6,1,2,0,0,anderch01
26,Grant Anderson,26,TEX,27.2,,19,116,107,16,29,6,0,3,4,1,7,26,.271,.319,.411,.730,.329,44,2,1,0,1,0,0,andergr01
27,Nick Anderson,32,ATL,35.1,,35,141,131,14,30,9,0,3,0,2,9,36,.229,.277,.366,.643,.290,48,2,0,0,1,0,1,anderni01
28,Tyler Anderson*,33,LAA,93.0,,18,420,367,56,104,28,2,11,6,1,40,78,.283,.354,.460,.815,.326,169,4,4,2,7,0,1,anderty01
29,Clayton Andrews*,26,MIL,1.2,,2,11,10,6,5,1,0,1,0,0,1,2,.500,.545,.900,1.445,.571,9,0,0,0,0,0,0,andrecl02
30,Shawn Armstrong,32,TBR,25.0,,17,96,89,2,17,2,1,1,1,0,5,27,.191,.240,.270,.509,.258,24,2,1,0,1,0,0,armstsh01
31,Graham Ashcraft,25,CIN,99.0,,19,442,388,63,110,19,3,15,6,3,43,74,.284,.364,.464,.828,.316,180,15,7,1,2,0,2,ashcrgr01
32,Javier Assad,25,CHC,46.0,,17,189,167,18,41,8,2,5,2,0,20,36,.246,.324,.407,.732,.283,68,8,0,1,1,0,0,assadja01
33,Pedro Avila,26,SDP,5.0,,2,21,16,0,2,0,0,0,0,0,4,7,.125,.333,.125,.458,.222,2,0,1,0,0,0,0,avilape01
34,Sam Bachman,23,LAA,17.0,,11,77,65,7,17,0,1,0,0,0,11,14,.262,.377,.292,.669,.333,19,4,1,0,0,1,1,bachmsa01
35,Bryan Baker,28,BAL,40.1,,44,168,140,18,30,7,0,3,1,5,23,48,.214,.323,.329,.652,.293,46,2,1,1,3,2,2,bakerbr01
36,Jordan Balazovic,24,MIN,15.1,,12,63,56,5,13,2,0,3,0,0,6,11,.232,.302,.429,.730,.233,24,2,0,0,1,0,0,balazjo02
37,Anthony Banda*,29,WSN,7.0,,10,35,28,5,9,0,0,1,0,0,5,6,.321,.429,.429,.857,.364,12,0,1,0,1,0,0,bandaan01
38,Tanner Banks*,31,CHW,29.2,,14,123,110,17,27,8,3,5,4,0,8,27,.245,.301,.509,.810,.272,56,2,2,0,3,1,0,banksta01
39,Daniel Bard,38,COL,36.1,,35,158,120,12,21,5,1,2,2,2,31,32,.175,.361,.283,.644,.216,34,4,5,0,2,2,0,bardda01
40,Joe Barlow,27,TEX,9.2,,13,44,42,5,13,2,0,2,1,0,2,6,.310,.341,.500,.841,.324,21,0,0,0,0,0,0,barlojo01
41,Scott Barlow,30,KCR,36.2,,36,165,140,24,35,5,1,3,3,0,21,45,.250,.344,.364,.708,.340,51,1,0,2,2,1,0,barlosc01
42,Matt Barnes,33,MIA,21.1,,24,99,88,13,25,3,0,2,5,0,10,20,.284,.364,.386,.750,.348,34,2,1,0,0,1,0,barnema01
43,Tucker Barnhart,32,CHC,2.0,,2,9,9,0,3,0,0,0,0,0,0,0,.333,.333,.333,.667,.333,3,0,0,0,0,0,0,barnhtu01
44,Jaime Barria,26,LAA,60.1,,22,245,224,31,51,9,0,10,0,1,18,48,.228,.290,.402,.692,.246,90,6,2,0,1,3,1,barrija01
45,Anthony Bass,35,TOR,20.0,,22,88,77,12,19,7,0,3,2,0,9,19,.247,.318,.455,.773,.281,35,1,0,0,2,2,1,bassan01
46,Chris Bassitt,34,TOR,126.2,,22,536,480,62,114,22,1,19,9,5,41,118,.238,.310,.406,.716,.274,195,7,11,0,4,0,6,bassich01
47,Peyton Battenfield,25,CLE,34.2,,7,146,133,22,34,8,0,7,2,0,12,27,.256,.315,.474,.789,.270,63,4,0,0,1,0,0,battepe01
48,Mike Baumann,27,BAL,49.1,,45,204,173,20,34,7,1,4,9,1,28,52,.197,.315,.318,.633,.256,55,6,2,1,0,1,0,baumami01
49,Félix Bautista,28,BAL,49.0,,45,189,168,9,23,1,0,3,9,1,19,96,.137,.233,.196,.429,.290,33,2,2,0,0,0,1,bautife01
50,Eduard Bazardo,27,BAL,2.1,,3,13,13,4,6,3,0,0,0,0,0,1,.462,.462,.692,1.154,.500,9,0,0,0,0,0,0,bazared01
51,Matt Beaty,30,SFG,1.0,,1,7,6,3,3,2,0,0,0,0,1,1,.500,.571,.833,1.405,.600,5,0,0,0,0,0,0,beatyma01
52,Tristan Beck,27,SFG,50.0,,20,204,189,18,44,7,0,6,2,0,12,38,.233,.286,.365,.651,.262,69,6,2,1,0,0,2,becktr01
53,David Bednar,28,PIT,40.0,,39,162,145,10,29,6,0,1,0,0,11,49,.200,.263,.262,.525,.289,38,2,2,2,2,3,2,bednada01
54,Jalen Beeks*,29,TBR,37.1,,27,169,146,26,36,8,0,4,0,0,19,40,.247,.333,.384,.717,.308,56,2,1,1,2,0,3,beeksja02
55,Andrew Bellatti,31,PHI,16.0,,19,73,62,10,14,4,1,2,3,0,10,17,.226,.329,.419,.748,.273,26,0,0,0,1,0,1,bellaan01
56,Brayan Bello,24,BOS,96.0,,17,404,368,41,90,20,1,14,4,2,26,82,.245,.300,.418,.719,.275,154,9,5,1,4,0,8,bellobr01
57,Brennan Bernardino*,31,BOS,34.2,,30,135,125,10,27,5,0,2,1,1,8,38,.216,.274,.304,.578,.294,38,5,2,0,0,0,0,bernabr01
58,José Berríos,29,TOR,124.1,,21,511,464,50,110,22,1,14,7,3,38,117,.237,.304,.379,.683,.287,176,13,7,1,1,1,5,berrijo01
59,Prelander Berroa,23,SEA,0.2,,1,5,2,0,0,0,0,0,0,0,3,1,.000,.600,.000,.600,.000,0,0,0,0,0,0,0,berropr01
60,Christian Bethancourt,31,TBR,0.1,,1,4,4,3,3,1,0,1,0,0,0,0,.750,.750,1.750,2.500,.667,7,0,0,0,0,0,0,bethach01
61,Tanner Bibee,24,CLE,89.2,,16,373,336,33,76,13,0,9,8,1,31,91,.226,.298,.345,.643,.282,116,3,4,0,2,0,3,bibeeta01
62,Phil Bickford,27,LAD,41.1,,35,188,160,27,38,11,1,5,11,0,26,48,.238,.342,.413,.755,.306,66,1,0,1,1,3,1,bickfph01
63,Osvaldo Bido,27,PIT,30.0,,8,141,121,15,33,4,0,1,2,0,13,28,.273,.362,.331,.692,.340,40,0,5,0,2,0,0,bidoos01
64,Shane Bieber,28,CLE,117.0,,19,489,447,50,113,26,1,14,9,5,33,95,.253,.306,.409,.715,.289,183,13,3,0,4,0,5,biebesh01
65,Brandon Bielak,27,HOU,69.2,,13,302,267,34,71,16,1,12,5,5,30,55,.266,.349,.468,.817,.295,125,10,4,1,0,0,4,bielabr01
66,Jake Bird,27,COL,60.0,,46,254,228,30,62,14,1,3,1,0,19,54,.272,.335,.382,.716,.339,87,9,4,0,3,0,2,birdja01
67,Ty Blach*,32,COL,16.1,,8,76,70,13,26,3,1,2,1,0,2,7,.371,.382,.529,.910,.375,37,2,1,0,3,0,1,blachty01
68,Paul Blackburn,29,OAK,48.0,,10,221,195,28,58,14,2,5,5,1,18,49,.297,.357,.467,.824,.363,91,2,3,0,5,0,2,blackpa01
69,Ronel Blanco,29,HOU,46.0,,15,199,172,27,42,3,0,12,2,0,24,48,.244,.342,.471,.813,.265,81,7,2,0,1,0,1,blancro01
70,Richard Bleier*,36,BOS,23.2,,22,104,95,15,29,5,0,4,1,0,5,14,.305,.350,.484,.834,.321,46,6,2,1,1,1,2,bleieri01
71,Cody Bolton,25,PIT,10.0,,7,58,47,11,18,4,0,2,0,0,10,10,.383,.500,.596,1.096,.457,28,1,1,0,0,0,0,boltoco01
72,Ryan Borucki*,29,PIT,14.1,,13,57,53,6,12,4,0,2,3,0,0,15,.226,.268,.415,.683,.278,22,1,3,1,0,0,1,borucry01
73,Brad Boxberger,35,CHC,14.2,,17,65,55,9,13,3,0,3,3,0,9,13,.236,.354,.455,.808,.256,25,2,1,0,0,1,0,boxbebr01
74,Matthew Boyd*,32,DET,71.0,,15,303,276,46,69,15,0,11,2,2,25,73,.250,.317,.424,.741,.302,117,5,2,0,0,0,2,boydma01
75,Silvino Bracho,30,CIN,7.1,,5,31,25,3,5,1,0,0,1,0,6,6,.200,.355,.240,.595,.263,6,1,0,0,0,0,0,brachsi01
76,Cody Bradford*,25,TEX,37.0,,11,151,139,19,34,9,2,8,1,0,8,32,.245,.287,.511,.797,.257,71,3,1,1,2,0,0,bradfco01
77,Kyle Bradish,26,BAL,104.0,,19,424,390,39,92,20,0,10,2,1,27,95,.236,.292,.364,.657,.286,142,11,5,0,2,0,1,bradiky01
78,Archie Bradley,30,MIA,7.1,,4,39,35,10,13,2,1,2,1,1,3,7,.371,.436,.657,1.093,.423,23,0,1,0,0,0,0,bradlar01
79,Taj Bradley,22,TBR,71.1,,15,312,285,45,76,16,2,13,0,0,22,95,.267,.317,.474,.791,.348,135,2,1,0,4,0,0,bradlta01
80,Matt Brash,25,SEA,41.2,,49,187,162,19,41,5,1,1,4,0,18,74,.253,.342,.315,.657,.449,51,1,5,0,2,0,0,brashma01
81,Ryan Brasier,35,TOT,36.0,,34,150,131,21,30,7,0,2,6,1,14,29,.229,.307,.328,.635,.272,43,5,2,0,3,1,3,brasiry01
82,Ryan Brasier,35,BOS,21.0,,20,95,84,18,24,5,0,2,3,1,9,18,.286,.368,.417,.785,.344,35,2,2,0,0,0,2,brasiry01
83,Ryan Brasier,35,LAD,15.0,,14,55,47,3,6,2,0,0,3,0,5,11,.128,.200,.170,.370,.154,8,3,0,0,3,1,1,brasiry01
84,Huascar Brazoban,33,MIA,49.2,,42,214,186,21,48,7,0,4,8,0,22,50,.258,.338,.360,.698,.326,67,5,2,1,3,2,0,brazohu01
85,John Brebbia,33,SFG,28.2,,29,116,105,10,21,6,0,2,4,1,10,36,.200,.267,.314,.582,.279,33,0,0,0,1,1,0,brebbjo01
86,Colten Brewer,30,NYY,8.1,,3,34,30,4,6,3,0,3,0,0,3,4,.200,.294,.600,.894,.130,18,1,1,0,0,0,0,breweco01
87,Beau Brieske,25,DET,5.2,,5,24,23,3,6,4,0,0,0,0,1,5,.261,.292,.435,.726,.333,10,0,0,0,0,0,0,briesbe01
88,Jeff Brigham,31,NYM,29.2,,32,124,105,18,18,2,0,6,2,1,13,33,.171,.290,.362,.652,.179,38,2,5,0,1,0,1,brighje01
89,Braden Bristo,28,TOT,7.0,,3,30,26,3,5,0,0,0,1,0,4,5,.192,.300,.192,.492,.238,5,0,0,0,0,1,1,bristbr01
90,Braden Bristo,28,TBR,3.0,,1,10,9,0,0,0,0,0,0,0,1,4,.000,.100,.000,.100,.000,0,0,0,0,0,0,0,bristbr01
91,Braden Bristo,28,DET,4.0,,2,20,17,3,5,0,0,0,1,0,3,1,.294,.400,.294,.694,.313,5,0,0,0,0,1,1,bristbr01
92,Jhony Brito,25,NYY,51.2,,12,219,193,30,48,13,1,8,4,2,21,35,.249,.324,.451,.775,.261,87,3,2,0,3,0,0,britojh01
93,Connor Brogdon,28,PHI,29.0,,27,127,110,14,29,4,2,5,5,1,13,26,.264,.339,.473,.811,.293,52,0,1,0,3,0,1,brogdco01
94,Mike Brosseau,29,MIL,2.1,,3,9,8,1,1,0,0,1,0,0,1,0,.125,.222,.500,.722,.000,4,0,0,0,0,0,0,brossmi01
95,Hunter Brown,24,HOU,105.1,,19,443,401,53,104,21,1,12,7,6,35,122,.259,.327,.406,.734,.343,163,13,6,0,1,0,1,brownhu01
96,Justin Bruihl*,26,LAD,24.1,,20,102,91,11,24,7,0,2,2,1,8,19,.264,.333,.407,.740,.310,37,2,2,0,1,1,0,bruihju01
97,Kris Bubic*,25,KCR,16.0,,3,68,65,7,19,3,0,1,1,0,2,16,.292,.324,.385,.708,.375,25,1,1,0,0,0,0,bubickr01
98,J.B. Bukauskas,26,TOT,3.0,,3,14,10,2,2,1,0,0,0,0,3,3,.200,.429,.300,.729,.286,3,1,1,0,0,1,0,bukaujb01
99,J.B. Bukauskas,26,SEA,1.0,,1,7,5,2,2,1,0,0,0,0,2,1,.400,.571,.600,1.171,.500,3,0,0,0,0,1,0,bukaujb01
100,J.B. Bukauskas,26,MIL,2.0,,2,7,5,0,0,0,0,0,0,0,1,2,.000,.286,.000,.286,.000,0,1,1,0,0,0,0,bukaujb01
101,Madison Bumgarner*,33,ARI,16.2,,4,90,72,20,25,8,0,4,3,1,15,10,.347,.456,.625,1.081,.350,45,0,1,0,2,0,0,bumgama01
102,Aaron Bummer*,29,CHW,36.1,,41,163,142,28,34,11,0,0,11,0,18,46,.239,.331,.317,.648,.351,45,1,2,0,1,3,0,bummeaa01
103,Nick Burdi,30,CHC,3.0,,3,15,11,3,3,1,1,0,0,0,3,4,.273,.400,.545,.945,.375,6,0,0,0,1,0,0,burdini01
104,Zack Burdi,28,TBR,4.0,,3,20,17,6,6,2,1,0,2,0,2,5,.353,.400,.588,.988,.462,10,0,0,0,1,0,1,burdiza01
105,Brock Burke*,26,TEX,41.0,,34,166,157,14,37,2,1,5,1,0,6,31,.236,.271,.357,.628,.262,56,2,2,0,1,3,0,burkebr01
106,Alec Burleson*,24,STL,1.2,,2,13,13,4,8,0,0,1,0,0,0,1,.615,.615,.846,1.462,.636,11,0,0,0,0,0,0,burleal01
107,Corbin Burnes,28,MIL,127.1,,21,515,461,53,90,10,1,14,7,1,43,131,.195,.272,.312,.584,.238,144,6,7,0,4,0,2,burneco01
108,Alan Busenitz,32,CIN,4.0,,4,20,19,2,7,2,0,0,1,0,1,3,.368,.400,.474,.874,.438,9,0,0,0,0,1,0,busenal01
109,Matt Bush,37,MIL,10.1,,12,48,42,11,11,3,0,5,1,0,6,10,.262,.354,.690,1.045,.222,29,0,0,0,0,0,0,bushma01
110,José Butto,25,NYM,12.0,,3,56,45,4,10,1,0,1,2,0,11,5,.222,.375,.311,.686,.231,14,0,0,0,0,0,0,buttojo01
111,Edward Cabrera,25,MIA,74.0,,16,321,271,39,59,15,0,10,12,2,46,90,.218,.336,.384,.720,.285,104,7,3,0,1,0,0,cabreed02
112,Génesis Cabrera*,26,TOT,35.0,,34,153,134,18,33,7,0,6,3,0,18,42,.246,.336,.433,.768,.314,58,3,0,1,0,0,1,cabrege01
113,Génesis Cabrera*,26,STL,32.0,,32,143,124,18,32,7,0,6,3,0,18,38,.258,.352,.460,.812,.325,57,3,0,1,0,0,1,cabrege01
114,Génesis Cabrera*,26,TOR,3.0,,2,10,10,0,1,0,0,0,0,0,0,4,.100,.100,.100,.200,.167,1,0,0,0,0,0,0,cabrege01
115,Blair Calvo,27,COL,1.0,,1,3,3,0,0,0,0,0,0,0,0,0,.000,.000,.000,.000,.000,0,0,0,0,0,0,0,calvobl01
116,Isaiah Campbell,25,SEA,6.0,,6,25,19,1,2,1,0,0,3,0,4,8,.105,.280,.158,.438,.167,3,1,1,0,1,0,1,campbis01
117,Griffin Canning,27,LAA,84.2,,16,357,326,43,80,8,3,16,2,0,25,91,.245,.306,.436,.742,.291,142,5,4,1,1,0,0,cannigr01
118,Yennier Cano,29,BAL,49.1,,44,187,179,10,42,11,0,2,5,1,6,43,.235,.267,.330,.597,.299,59,8,2,0,0,1,0,canoye01
119,Matt Carasiti,31,COL,21.2,,14,101,88,19,26,3,0,3,1,0,11,14,.295,.376,.432,.808,.319,38,1,1,0,1,0,0,carasma01
120,Drew Carlton,27,SDP,20.2,,11,85,74,12,18,4,0,2,0,1,6,18,.243,.305,.378,.683,.291,28,2,1,2,1,0,0,carltdr01
121,Carlos Carrasco,36,NYM,68.0,,14,306,270,45,76,14,1,13,8,0,31,50,.281,.366,.485,.851,.304,131,6,5,0,0,0,1,carraca01
122,Daniel Castano*,28,MIA,1.0,,1,6,5,3,2,0,0,2,0,0,1,2,.400,.500,1.600,2.100,.000,8,0,0,0,0,0,0,castada01
123,Diego Castillo,29,SEA,8.2,,8,41,33,6,7,1,0,2,0,0,7,7,.212,.366,.424,.790,.208,14,0,1,0,0,0,0,castidi01
124,José Castillo*,27,SDP,0.1,,1,6,2,4,2,0,1,0,0,0,2,0,1.000,.833,2.000,2.833,.667,4,0,1,0,1,0,0,castijo03
125,Luis Castillo,30,SEA,125.1,,21,505,467,50,98,22,2,19,4,2,32,142,.210,.264,.388,.651,.256,181,1,3,1,2,0,5,castilu02
126,Max Castillo,24,KCR,17.0,,5,73,64,8,17,1,1,2,2,0,6,10,.266,.333,.406,.740,.283,26,2,1,1,1,1,0,castima03
127,Harold Castro,29,COL,2.0,,2,11,9,2,4,1,0,0,0,0,1,0,.444,.545,.556,1.101,.444,5,1,1,0,0,0,0,castrha01
128,Miguel Castro,28,ARI,41.2,,46,171,152,19,30,6,0,5,5,0,18,34,.197,.287,.336,.622,.221,51,2,1,0,0,3,1,castrmi01
129,Willi Castro,26,MIN,1.1,,2,4,4,0,1,0,0,0,0,0,0,0,.250,.250,.250,.500,.250,1,1,0,0,0,0,0,castrwi01
130,Dylan Cease,27,CHW,119.1,,22,519,461,60,111,20,7,12,11,2,49,143,.241,.320,.393,.712,.320,181,5,6,0,3,1,5,ceasedy01
131,Luis Cessa,31,CIN,26.0,,7,132,116,26,46,11,2,3,0,0,12,11,.397,.450,.603,1.054,.413,70,5,1,1,2,0,1,cessalu01
132,Andrew Chafin*,33,ARI,34.0,,42,147,130,17,30,6,2,3,1,2,17,48,.231,.320,.377,.697,.342,49,2,0,0,0,0,2,chafian01
133,Aroldis Chapman*,35,TOT,37.1,,39,153,130,13,20,4,0,1,15,1,22,67,.154,.275,.208,.482,.302,27,1,0,0,1,0,1,chapmar01
134,Aroldis Chapman*,35,KCR,29.1,,31,122,101,10,16,3,0,0,15,1,20,53,.158,.295,.188,.483,.327,19,1,0,0,1,0,0,chapmar01
135,Aroldis Chapman*,35,TEX,8.0,,8,31,29,3,4,1,0,1,0,0,2,14,.138,.194,.276,.469,.214,8,0,0,0,0,0,1,chapmar01
136,JT Chargois,32,MIA,25.2,,28,103,89,10,19,7,0,2,4,1,10,20,.213,.287,.360,.647,.246,32,4,0,0,2,1,0,chargjt01
137,Jesse Chavez,39,ATL,29.0,,31,117,105,6,21,4,1,1,2,0,9,36,.200,.282,.286,.568,.294,30,3,3,0,0,0,1,chaveje01
138,Yonny Chirinos,29,TBR,62.2,,15,262,235,30,58,17,1,10,3,1,20,31,.247,.314,.455,.769,.245,107,6,4,0,2,0,0,chiriyo01
139,Adam Cimber,32,TOR,20.2,,22,95,83,18,25,2,0,6,2,1,7,12,.301,.379,.542,.921,.288,45,4,4,0,1,0,1,cimbead01
140,José Cisnero,34,DET,38.2,,42,167,147,21,36,3,1,6,3,0,14,43,.245,.321,.401,.723,.303,59,4,3,1,1,2,1,cisnejo01
141,Aaron Civale,28,CLE,71.0,,12,284,260,20,55,14,0,5,5,2,20,54,.212,.272,.323,.595,.248,84,4,2,0,1,0,1,civalaa01
142,Taylor Clarke,30,KCR,43.0,,41,192,167,29,49,8,0,8,0,2,19,47,.293,.368,.485,.853,.360,81,0,2,1,2,1,0,clarkta01
143,Emmanuel Clase,25,CLE,47.2,,49,195,180,22,40,8,0,2,6,0,12,43,.222,.268,.300,.568,.277,54,3,0,1,2,0,1,claseem01
144,Alex Claudio*,31,MIL,0.1,,1,3,3,0,2,0,0,0,0,0,0,0,.667,.667,.667,1.333,.667,2,0,0,0,0,0,0,claudal01
145,Garrett Cleavinger*,29,TBR,12.0,,15,48,41,5,6,1,0,2,1,0,6,14,.146,.271,.317,.588,.160,13,2,1,0,0,0,1,cleavga01
146,Kody Clemens,27,PHI,2.2,,4,15,12,1,4,0,0,0,0,0,3,1,.333,.467,.333,.800,.364,4,0,0,0,0,0,0,clemeko01
147,Ernie Clement,27,TOR,1.0,,1,7,6,1,3,0,0,0,0,0,0,0,.500,.571,.500,1.071,.500,3,0,1,0,0,0,0,clemeer01
148,Mike Clevinger,32,CHW,62.2,,12,274,242,27,59,14,2,9,15,0,26,53,.244,.325,.430,.755,.275,104,3,4,0,2,0,0,clevimi01
149,Alex Cobb,35,SFG,106.0,,19,454,420,37,115,22,2,8,10,2,28,100,.274,.325,.393,.717,.342,165,12,4,1,1,0,2,cobbal01
150,Gerrit Cole,32,NYY,129.1,,21,522,476,42,104,22,0,13,5,3,36,144,.218,.281,.347,.628,.284,165,10,6,2,1,0,4,colege01
151,Dylan Coleman,26,KCR,11.0,,12,59,46,14,14,3,0,2,2,0,12,12,.304,.441,.500,.941,.364,23,0,0,0,1,1,0,colemdy01
152,Alex Colomé,34,CHW,3.0,,4,15,12,4,2,1,0,1,0,0,3,2,.167,.333,.500,.833,.111,6,1,0,0,0,0,2,colomal01
153,Roansy Contreras,23,PIT,68.1,,19,302,266,50,75,16,0,11,13,2,32,55,.282,.360,.466,.826,.318,124,6,1,2,1,1,1,contrro01
154,Patrick Corbin*,33,WSN,120.1,,21,537,493,75,151,21,0,19,18,5,36,85,.306,.353,.465,.817,.335,229,9,2,1,5,0,5,corbipa01
155,Jimmy Cordero,31,NYY,32.2,,31,132,120,14,25,5,1,2,6,0,10,34,.208,.280,.317,.597,.274,38,3,2,0,0,0,1,cordeji01
156,Nestor Cortes*,28,NYY,59.1,,11,252,229,35,58,15,0,10,1,1,19,59,.253,.317,.450,.767,.298,103,5,3,0,1,0,2,cortene01
157,Tom Cosgrove*,27,SDP,27.0,,27,103,92,7,16,1,0,2,0,1,8,23,.174,.262,.250,.512,.209,23,2,3,0,0,0,0,cosgrto01
158,Danny Coulombe*,33,BAL,34.2,,42,143,133,12,32,5,0,3,8,2,8,41,.241,.294,.346,.640,.326,46,0,2,0,0,0,0,couloda01
159,Jake Cousins,28,MIL,9.1,,9,45,35,5,10,0,1,1,0,1,10,7,.286,.444,.429,.873,.333,15,1,0,0,0,0,0,cousija01
160,Dylan Covey,31,TOT,23.0,,12,100,93,16,29,4,1,5,1,0,6,18,.312,.350,.538,.888,.338,50,4,0,0,1,0,0,coveydy01
161,Dylan Covey,31,LAD,4.0,,1,18,17,2,5,0,0,2,0,0,1,3,.294,.333,.647,.980,.250,11,0,0,0,0,0,0,coveydy01
162,Dylan Covey,31,PHI,19.0,,11,82,76,14,24,4,1,3,1,0,5,15,.316,.354,.513,.867,.356,39,4,0,0,1,0,0,coveydy01
163,Austin Cox*,26,KCR,24.1,,12,99,83,10,17,3,2,1,3,1,13,20,.205,.303,.325,.628,.246,27,2,0,0,3,0,1,coxau01
164,Brandon Crawford,36,SFG,1.0,,1,5,4,0,1,0,0,0,0,0,1,0,.250,.400,.250,.650,.250,1,0,0,0,0,0,0,crawfbr01
165,Kutter Crawford,27,BOS,71.1,,19,289,269,33,63,15,0,12,3,2,17,69,.234,.284,.424,.708,.270,114,7,2,0,1,0,2,crawfku01
166,Nabil Crismatt,28,SDP,11.0,,7,57,49,12,17,2,0,3,1,1,7,9,.347,.439,.571,1.010,.378,28,0,1,0,0,0,0,crismna01
167,Cooper Criswell,26,TBR,25.0,,7,111,98,14,29,7,0,3,2,1,8,24,.296,.369,.459,.829,.361,45,4,4,0,1,1,0,criswco01
168,Garrett Crochet*,24,CHW,10.0,,10,52,39,5,10,4,0,1,2,0,11,9,.256,.423,.436,.859,.300,17,0,1,0,1,0,0,crochga01
169,Wil Crowe,28,PIT,9.2,,5,47,37,6,9,3,0,1,0,0,9,9,.243,.404,.405,.810,.296,15,1,1,0,0,1,1,crowewi01
170,Fernando Cruz,33,CIN,41.0,,35,176,153,24,33,7,2,4,3,0,20,56,.216,.309,.366,.675,.309,56,2,1,0,1,0,0,cruzfe01
171,Jose Cuas,29,KCR,40.1,,43,183,158,19,42,6,2,5,3,0,20,51,.266,.361,.424,.785,.359,67,4,4,0,1,0,0,cuasjo01
172,Johnny Cueto,37,MIA,10.0,,3,39,35,5,6,1,0,2,0,0,3,9,.171,.256,.371,.628,.167,13,1,1,0,0,0,0,cuetojo01
173,Xzavion Curry,24,CLE,54.1,,26,223,207,20,49,11,1,6,6,0,14,38,.237,.287,.386,.673,.262,80,3,1,0,1,1,0,curryxz01
174,John Curtiss,30,NYM,17.2,,13,70,63,8,14,2,0,3,2,0,6,11,.222,.286,.397,.683,.220,25,1,0,0,1,0,0,curtijo02
175,Tyler Cyr,30,LAD,1.2,,2,6,6,0,1,0,0,0,0,0,0,2,.167,.167,.167,.333,.250,1,0,0,0,0,0,0,cyrty01
176,Yu Darvish,36,SDP,101.1,,18,428,382,55,97,21,2,15,15,3,36,108,.254,.322,.437,.760,.311,167,9,5,0,5,0,0,darviyu01
177,Tucker Davidson*,27,LAA,31.2,,18,148,133,25,44,14,0,2,6,0,11,31,.331,.388,.481,.869,.416,64,5,2,1,1,0,1,davidtu01
178,Zach Davies,30,ARI,57.1,,12,259,228,50,66,13,2,7,7,1,27,46,.289,.360,.456,.817,.331,104,6,0,1,3,0,3,davieza02
179,Noah Davis,26,COL,18.2,,5,96,85,23,32,5,0,4,1,2,10,16,.376,.448,.576,1.024,.431,49,2,1,0,0,0,1,davisno01
180,Chase De Jong,29,PIT,11.1,,6,60,49,17,18,5,0,6,0,0,6,7,.367,.433,.837,1.270,.308,41,1,2,0,3,0,0,dejonch01
181,José De León,30,MIN,17.1,,12,70,64,10,16,1,0,2,1,0,5,17,.250,.314,.359,.674,.311,23,3,1,0,0,0,0,deleojo03
182,Enyel De Los Santos,27,CLE,43.0,,44,167,146,13,28,9,0,2,4,0,17,37,.192,.287,.295,.582,.241,43,3,3,0,1,0,0,delosen01
183,Yerry De Los Santos,25,PIT,18.1,,16,75,62,7,10,3,1,0,2,1,10,15,.161,.280,.242,.522,.204,15,2,1,0,2,2,2,delosye01
184,Jacob deGrom,35,TEX,30.1,,6,115,111,11,19,7,2,2,5,1,4,45,.171,.200,.324,.524,.266,36,0,0,0,0,0,2,degroja01
185,Matt Dermody*,32,BOS,4.0,,1,17,15,3,4,0,0,2,0,0,1,1,.267,.353,.667,1.020,.167,10,1,1,0,0,0,0,dermoma01
186,Anthony DeSclafani,33,SFG,99.2,,19,419,388,59,105,25,1,15,8,3,20,79,.271,.311,.456,.767,.303,177,6,4,3,3,0,3,desclan01
187,Reid Detmers*,23,LAA,96.2,,18,415,370,52,89,20,0,11,9,2,37,122,.241,.320,.384,.704,.328,142,5,7,0,1,2,1,detmere01
188,Chris Devenski,32,LAA,33.2,,29,140,127,20,31,2,1,5,8,0,9,33,.244,.295,.394,.689,.286,50,2,1,1,2,1,0,devench02
189,Alexis Díaz,26,CIN,45.0,,48,186,159,12,28,6,0,2,6,2,20,67,.176,.290,.252,.542,.286,40,2,6,0,1,0,0,diazal03
190,Jake Diekman*,36,TOT,32.1,,40,144,116,22,20,4,0,3,5,0,27,39,.172,.333,.284,.618,.230,33,5,1,0,0,1,2,diekmja01
191,Jake Diekman*,36,CHW,11.1,,13,58,45,14,11,3,0,1,1,0,13,11,.244,.414,.378,.792,.303,17,2,0,0,0,0,1,diekmja01
192,Jake Diekman*,36,TBR,21.0,,27,86,71,8,9,1,0,2,4,0,14,28,.127,.279,.225,.504,.171,16,3,1,0,0,1,1,diekmja01
193,Brandon Dixon,31,SDP,1.0,,1,3,3,0,0,0,0,0,0,0,0,0,.000,.000,.000,.000,.000,0,0,0,0,0,0,0,dixonbr01
194,Dylan Dodd*,25,ATL,24.1,,5,114,105,20,37,7,0,8,1,1,8,12,.352,.404,.648,1.051,.341,68,2,1,0,0,1,0,dodddy01
195,Seranthony Domínguez,28,PHI,28.0,,33,130,114,17,32,4,0,3,3,0,11,30,.281,.362,.395,.756,.354,45,2,4,0,1,0,1,dominse01
196,Josh Donaldson,37,NYY,1.0,,1,3,3,0,0,0,0,0,0,0,0,0,.000,.000,.000,.000,.000,0,0,0,0,0,0,0,donaljo02
197,Camilo Doval,25,SFG,46.0,,46,187,161,16,29,4,0,2,10,2,18,62,.180,.285,.242,.527,.276,39,5,6,1,1,3,1,dovalca01
198,Tommy Doyle,27,COL,4.0,,2,13,12,0,1,0,0,0,0,0,1,2,.083,.154,.083,.237,.100,1,1,0,0,0,0,0,doyleto01
199,Daniel Duarte,26,CIN,13.2,,15,62,52,8,12,0,0,3,2,1,10,10,.231,.355,.404,.759,.231,21,2,0,0,0,0,1,duartda01
200,Shawn Dubin,27,HOU,9.0,,3,42,37,7,12,4,0,1,0,0,3,11,.324,.381,.514,.894,.423,19,1,1,0,1,0,0,dubinsh01
201,Matt Duffy,32,KCR,1.0,,1,4,4,0,1,0,0,0,0,0,0,0,.250,.250,.250,.500,.250,1,0,0,0,0,0,0,duffyma01
202,Dane Dunning,28,TEX,102.0,,22,415,378,38,92,17,1,9,4,2,27,64,.243,.304,.365,.669,.269,138,16,7,0,3,0,4,dunnida01
203,Jhoan Duran,25,MIN,40.1,,37,163,140,13,27,7,0,3,4,0,15,54,.193,.288,.307,.595,.286,43,3,4,3,1,5,0,duranjh01
204,Nate Eaton,26,KCR,1.0,,1,5,5,0,2,0,0,0,0,0,0,1,.400,.400,.400,.800,.500,2,0,0,0,0,0,0,eatonna01
205,Carl Edwards Jr.,31,WSN,31.2,,32,142,124,14,31,8,1,1,2,0,17,24,.250,.345,.355,.700,.303,44,3,1,0,0,2,2,edwarca01
206,Zach Eflin,29,TBR,116.1,,20,460,437,47,102,22,3,11,6,5,17,116,.233,.264,.373,.637,.292,163,8,2,2,2,1,6,eflinza01
207,Bryce Elder,24,ATL,114.2,,20,475,429,45,104,21,1,12,4,1,37,86,.242,.310,.380,.690,.276,163,17,6,1,2,0,5,elderbr01
208,Mason Englert,23,DET,56.0,,31,253,230,39,67,14,2,12,7,0,17,41,.291,.343,.526,.869,.307,121,4,2,2,2,0,4,englema01
209,Nathan Eovaldi,33,TEX,123.2,,19,479,438,38,91,24,5,8,7,4,34,111,.208,.270,.340,.610,.259,149,16,4,1,2,0,2,eovalna01
210,Lucas Erceg,28,OAK,29.2,,25,139,118,21,30,13,1,0,0,1,18,44,.254,.367,.381,.748,.405,45,1,3,0,0,0,1,erceglu01
211,Paolo Espino,36,WSN,4.0,,3,28,24,11,14,2,0,1,0,0,3,3,.583,.607,.792,1.399,.619,19,1,0,0,1,0,0,espinpa01
212,Carlos Estévez,30,LAA,41.0,,42,176,154,14,34,7,0,4,1,0,21,51,.221,.318,.344,.662,.303,53,3,1,0,0,4,1,estevca01
213,Jeremiah Estrada,24,CHC,10.2,,12,56,43,8,12,2,0,4,1,0,12,13,.279,.429,.605,1.033,.296,26,0,0,0,1,1,0,estraje01
214,Alex Faedo,27,DET,35.2,,7,143,134,24,29,8,0,7,1,0,8,30,.216,.259,.433,.692,.224,58,3,0,0,1,0,3,faedoal01
215,Pete Fairbanks,29,TBR,22.2,,25,90,79,6,13,1,0,1,6,0,9,26,.165,.258,.215,.474,.231,17,1,1,1,0,0,0,fairbpe01
216,Bailey Falter*,26,PHI,40.1,,8,175,166,30,50,9,1,7,2,3,8,28,.301,.331,.494,.825,.326,82,1,0,0,1,0,0,falteba01
217,Jeurys Familia,33,OAK,12.2,,14,64,48,12,13,3,0,2,0,0,13,9,.271,.429,.458,.887,.289,22,1,1,1,1,0,0,familje01
218,Jake Faria,29,BOS,2.0,,1,14,9,5,4,0,1,0,0,0,4,3,.444,.571,.667,1.238,.571,6,0,0,0,1,0,0,fariaja01
219,Buck Farmer,32,CIN,50.0,,48,202,179,22,38,12,0,8,11,0,16,45,.212,.280,.413,.693,.233,74,2,2,2,3,0,0,farmebu01
220,Calvin Faucher,27,TBR,23.2,,16,107,95,14,24,3,0,3,4,0,11,23,.253,.336,.379,.715,.304,36,2,1,0,0,0,2,fauchca01
221,Angel Felipe,25,OAK,8.0,,6,32,27,2,3,1,0,0,0,0,5,9,.111,.250,.148,.398,.167,4,0,0,0,0,0,0,felipan01
222,Ryan Feltner,26,COL,35.1,,8,165,138,24,37,8,1,2,3,0,25,33,.268,.382,.384,.766,.337,53,3,1,0,1,0,0,feltnry01
223,Caleb Ferguson*,26,LAD,38.2,,43,167,144,12,33,3,0,2,4,0,17,46,.229,.335,.292,.627,.323,42,6,6,0,0,0,2,ferguca01
224,Jose Ferrer*,23,WSN,10.0,,11,45,39,6,13,4,0,0,3,0,6,9,.333,.422,.436,.858,.433,17,2,0,0,0,1,0,ferrejo01
225,Matt Festa,30,SEA,9.0,,8,43,31,4,4,2,0,1,1,0,12,13,.129,.372,.290,.662,.176,9,0,0,0,0,0,0,festama01
226,Kyle Finnegan,31,WSN,43.1,,41,177,159,18,39,7,0,6,7,1,14,41,.245,.309,.403,.711,.292,64,7,1,2,1,1,0,finneky01
227,Jack Flaherty,27,STL,109.2,,20,485,417,56,116,28,2,10,3,2,54,106,.278,.368,.427,.795,.346,178,16,8,0,5,0,0,flaheja01
228,Josh Fleming*,27,TBR,48.2,,11,207,185,27,51,7,1,9,1,0,19,24,.276,.338,.470,.808,.271,87,10,0,0,3,2,0,flemijo01
229,Chris Flexen,28,SEA,42.0,,17,196,177,36,59,4,0,11,0,2,19,29,.333,.398,.542,.940,.350,96,4,0,0,0,0,0,flexech01
230,Dylan Floro,32,MIA,39.2,,43,171,159,24,48,10,1,2,2,1,11,41,.302,.351,.415,.766,.397,66,7,1,0,0,3,1,florody01
231,Jason Foley,27,DET,44.1,,44,174,163,11,37,8,1,0,3,2,10,39,.227,.276,.288,.564,.298,47,8,1,0,0,2,2,foleyja01
232,Mike Ford,30,SEA,2.0,,2,12,11,4,5,1,0,2,0,0,1,0,.455,.500,1.091,1.591,.333,12,0,0,0,0,0,0,fordmi01
233,J.P. France,28,HOU,84.2,,14,348,319,31,79,9,1,10,4,0,24,58,.248,.300,.376,.676,.272,120,12,1,1,3,0,1,francjp01
234,Bowden Francis,27,TOR,13.2,,6,55,51,4,11,1,0,3,0,0,4,12,.216,.273,.412,.684,.222,21,1,0,0,0,0,0,francbo01
235,Kyle Freeland*,30,COL,103.0,,19,443,403,60,115,18,3,17,10,6,34,63,.285,.338,.471,.809,.300,190,12,0,2,4,0,3,freelky01
236,Luis Frías,25,ARI,9.2,,8,48,40,8,12,2,0,1,1,0,8,8,.300,.417,.425,.842,.355,17,1,0,0,0,0,0,friaslu01
237,Max Fried*,29,ATL,26.0,,5,103,95,8,22,3,0,2,3,1,6,25,.232,.275,.326,.601,.290,31,3,0,1,1,0,0,friedma01
238,David Fry,27,CLE,1.0,,1,3,3,0,0,0,0,0,0,0,0,0,.000,.000,.000,.000,.000,0,0,0,0,0,0,0,fryda01
239,Shintaro Fujinami,29,TOT,53.0,,37,246,206,51,54,13,0,7,2,0,32,56,.262,.370,.427,.797,.322,88,3,5,0,3,1,0,fujinsh01
240,Shintaro Fujinami,29,OAK,49.1,,34,231,193,48,52,13,0,6,2,0,30,51,.269,.377,.430,.807,.331,83,3,5,0,3,1,0,fujinsh01
241,Shintaro Fujinami,29,BAL,3.2,,3,15,13,3,2,0,0,1,0,0,2,5,.154,.267,.385,.651,.143,5,0,0,0,0,0,0,fujinsh01
242,Michael Fulmer,30,CHC,45.0,,45,186,160,23,38,10,0,6,0,2,23,49,.238,.328,.413,.740,.296,66,6,0,0,3,0,0,fulmemi01
243,Hunter Gaddis,25,CLE,31.1,,8,134,119,18,29,8,0,4,3,1,9,21,.244,.313,.412,.725,.260,49,1,4,0,2,0,0,gaddihu01
244,Matt Gage*,30,HOU,6.2,,5,27,23,2,6,1,0,1,0,0,3,8,.261,.346,.435,.781,.357,10,2,0,1,0,0,0,gagema01
245,Giovanny Gallegos,31,STL,42.0,,40,170,158,19,37,11,0,7,4,0,9,41,.234,.274,.437,.711,.270,69,2,0,2,1,0,1,gallegi01
246,Zac Gallen,27,ARI,136.2,,22,546,515,56,119,29,1,14,3,3,28,143,.231,.271,.373,.644,.292,192,10,1,0,2,0,0,galleza01
247,Deivi García,24,NYY,5.2,,2,25,20,1,4,3,0,1,0,0,4,3,.200,.320,.500,.820,.176,10,0,0,0,1,0,0,garcide01
248,Luis García,36,SDP,35.2,,38,159,136,24,33,2,0,5,9,2,16,36,.243,.338,.368,.705,.292,50,3,4,2,1,0,3,garcilu03
249,Luis Garcia,26,HOU,27.0,,6,115,103,12,25,8,1,3,0,1,10,31,.243,.316,.427,.743,.319,44,0,1,1,0,0,0,garcilu05
250,Rico Garcia,29,TOT,10.2,,9,55,48,10,17,4,0,4,0,0,6,8,.354,.418,.688,1.106,.351,33,0,0,0,1,0,0,garciri01
251,Rico Garcia,29,OAK,8.2,,7,44,38,8,13,4,0,4,0,0,5,6,.342,.409,.763,1.172,.310,29,0,0,0,1,0,0,garciri01
252,Rico Garcia,29,WSN,2.0,,2,11,10,2,4,0,0,0,0,0,1,2,.400,.455,.400,.855,.500,4,0,0,0,0,0,0,garciri01
253,Robert Garcia*,27,MIA,0.1,,1,3,2,0,1,0,0,0,0,0,1,0,.500,.667,.500,1.167,.500,1,0,0,0,0,0,0,garciro04
254,Yimi García,32,TOR,42.2,,46,187,173,23,49,8,0,5,3,1,10,50,.283,.333,.416,.750,.373,72,3,3,1,0,1,1,garciyi01
255,Amir Garrett*,31,KCR,24.1,,27,112,90,11,22,4,0,4,2,0,20,28,.244,.378,.422,.801,.305,38,3,0,1,1,0,1,garream01
256,Braxton Garrett*,25,MIA,100.0,,20,416,393,49,103,27,2,15,9,2,16,111,.262,.300,.455,.756,.328,179,8,6,0,1,0,2,garrebr01
257,Reed Garrett,30,BAL,2.2,,2,16,15,3,7,2,0,0,0,0,1,0,.467,.500,.600,1.100,.467,9,0,0,0,0,0,0,garrere01
258,Justin Garza,29,BOS,18.1,,17,91,77,17,22,6,1,3,0,0,12,17,.286,.385,.506,.891,.328,39,0,1,0,1,1,0,garzaju01
259,Kevin Gausman,32,TOR,121.2,,20,493,461,48,107,26,1,13,12,2,29,162,.232,.280,.377,.658,.329,174,7,2,0,0,0,1,gausmke01
260,Domingo Germán,30,NYY,103.2,,19,426,385,61,81,18,2,20,11,2,32,110,.210,.279,.423,.703,.236,163,5,6,0,3,0,3,germado01
261,Ian Gibaut,29,CIN,51.0,,48,209,181,20,40,6,0,6,7,5,20,44,.221,.309,.354,.663,.256,64,3,4,1,2,3,0,gibauia01
262,Kyle Gibson,35,BAL,127.0,,22,539,484,66,128,25,4,11,7,2,40,103,.264,.322,.401,.723,.310,194,16,5,2,8,0,2,gibsoky01
263,Logan Gilbert,26,SEA,118.1,,20,475,446,54,102,24,0,16,9,0,21,116,.229,.264,.390,.654,.270,174,6,2,2,4,0,3,gilbelo01
264,Tyler Gilbert*,29,ARI,9.0,,5,34,31,4,9,3,0,0,0,2,3,5,.290,.353,.387,.740,.346,12,1,0,0,0,0,0,gilbety01
265,Logan Gillaspie,26,BAL,9.0,,11,46,40,7,14,7,1,2,0,0,5,8,.350,.435,.725,1.160,.400,29,1,1,0,0,0,0,gillalo01
266,Kevin Ginkel,29,ARI,39.0,,35,151,137,14,28,9,0,2,0,0,11,34,.204,.265,.314,.579,.252,43,6,1,0,2,0,0,ginkeke01
267,Lucas Giolito,28,CHW,121.0,,21,507,456,55,106,22,4,20,6,5,42,131,.232,.304,.430,.734,.279,196,4,6,0,3,0,3,giolilu01
268,Mychal Givens,33,BAL,4.0,,6,22,14,6,4,1,0,0,1,0,6,2,.286,.500,.357,.857,.308,5,1,1,0,1,1,0,givenmy01
269,Tyler Glasnow,29,TBR,61.2,,11,253,231,25,49,11,2,8,10,1,20,88,.212,.277,.381,.658,.301,88,2,1,0,1,0,1,glasnty01
270,Austin Gomber*,29,COL,108.0,,21,467,431,73,126,29,1,22,7,0,30,72,.292,.341,.517,.858,.308,223,13,2,3,1,0,4,gombeau01
271,Tony Gonsolin,29,LAD,82.2,,16,345,299,43,61,11,0,11,7,1,33,68,.204,.294,.351,.646,.223,105,5,7,2,4,1,3,gonsoto01
272,Marco Gonzales*,31,SEA,50.0,,10,215,195,32,55,14,0,5,1,1,18,34,.282,.340,.431,.770,.316,84,7,0,0,2,0,1,gonzama02
273,Chi Chi González,31,MIA,2.2,,2,13,12,1,4,1,0,0,1,0,1,2,.333,.385,.417,.801,.400,5,0,0,0,0,0,0,gonzach01
274,Victor González*,27,LAD,23.2,,25,100,89,14,23,6,0,2,0,0,7,22,.258,.330,.393,.723,.318,35,3,3,0,1,1,0,gonzavi02
275,MacKenzie Gore*,24,WSN,101.0,,20,435,386,49,102,15,2,16,8,0,43,122,.264,.336,.438,.774,.341,169,12,1,1,4,0,1,gorema01
276,Trevor Gott,30,TOT,35.2,,39,161,148,26,42,10,0,3,8,0,11,37,.284,.342,.412,.754,.361,61,2,2,0,0,1,1,gotttr01
277,Trevor Gott,30,SEA,29.0,,30,129,119,19,33,9,0,2,6,0,8,32,.277,.333,.403,.737,.365,48,2,2,0,0,1,0,gotttr01
278,Trevor Gott,30,NYM,6.2,,9,32,29,7,9,1,0,1,2,0,3,5,.310,.375,.448,.823,.348,13,0,0,0,0,0,1,gotttr01
279,Brusdar Graterol,24,LAD,43.1,,45,171,160,14,42,7,1,3,2,2,7,33,.263,.294,.375,.669,.310,60,7,1,0,2,0,1,gratebr01
280,Kendall Graveman,32,CHW,44.0,,45,186,159,20,33,5,1,6,3,0,20,42,.208,.314,.365,.678,.241,58,8,5,0,1,0,3,graveke01
281,Jon Gray,31,TEX,108.1,,19,444,392,46,96,12,1,13,9,5,37,89,.245,.315,.380,.695,.280,149,9,6,3,6,1,0,grayjo02
282,Josiah Gray,25,WSN,118.1,,21,513,449,46,113,21,1,15,16,3,54,102,.252,.339,.403,.742,.293,181,10,7,0,3,1,2,grayjo03
283,Sonny Gray,33,MIN,111.1,,20,471,422,39,100,21,2,3,7,1,44,110,.237,.311,.318,.628,.312,134,8,2,1,2,0,2,grayso01
284,Hunter Greene,23,CIN,73.1,,14,318,282,34,68,21,2,9,10,3,31,100,.241,.324,.426,.749,.339,120,2,4,0,1,0,1,greenhu01
285,Zack Greinke,39,KCR,101.2,,20,426,404,64,115,14,2,20,1,1,15,66,.285,.312,.478,.790,.295,193,8,3,0,4,0,5,greinza01
286,Michael Grove,26,LAD,56.2,,13,250,231,39,71,13,3,9,6,2,17,53,.307,.360,.506,.866,.367,117,5,2,0,0,0,0,grovemi01
287,Javy Guerra,27,TOT,19.1,,17,97,72,13,17,2,0,2,2,0,22,14,.236,.423,.347,.770,.263,25,2,2,0,1,3,0,guerrja02
288,Javy Guerra,27,MIL,8.1,,8,45,33,8,10,1,0,1,2,0,9,5,.303,.467,.424,.891,.321,14,1,2,0,1,2,0,guerrja02
289,Javy Guerra,27,TBR,11.0,,9,52,39,5,7,1,0,1,0,0,13,9,.179,.385,.282,.667,.207,11,1,0,0,0,1,0,guerrja02
290,Luis Guillorme,28,NYM,1.0,,1,4,4,0,1,0,0,0,0,0,0,0,.250,.250,.250,.500,.250,1,0,0,0,0,0,0,guilllu01
291,Josh Hader*,29,SDP,38.0,,40,151,128,6,16,1,0,1,1,0,20,58,.125,.253,.156,.410,.217,20,1,2,1,0,1,0,haderjo01
292,DL Hall*,24,BAL,3.0,,1,15,14,2,5,2,0,1,0,0,1,7,.357,.400,.714,1.114,.667,10,0,0,0,0,0,0,halldl01
293,Ian Hamilton,28,NYY,31.2,,25,131,116,8,25,6,0,2,2,1,14,38,.216,.298,.319,.617,.299,37,2,0,0,1,1,0,hamilia01
294,Brad Hand*,33,COL,34.0,,38,152,127,18,35,10,2,4,10,1,16,39,.276,.360,.480,.840,.352,61,1,3,2,4,1,0,handbr01
295,Hobie Harris,30,WSN,18.1,,15,87,74,12,21,3,1,2,3,0,12,9,.284,.391,.432,.823,.302,32,3,1,0,0,0,1,harriho02
296,Hogan Harris*,26,OAK,56.1,,12,243,213,39,53,15,0,7,3,0,23,49,.249,.328,.418,.746,.289,89,5,3,1,2,0,0,harriho03
297,Josh Harrison,35,PHI,1.2,,2,15,11,5,8,0,0,0,0,0,2,0,.727,.667,.727,1.394,.615,8,0,0,0,2,0,0,harrijo05
298,Grant Hartwig,25,NYM,16.0,,12,66,58,7,15,2,0,0,1,0,8,12,.259,.348,.293,.642,.326,17,3,0,0,0,1,1,hartwgr01
299,Hunter Harvey,28,WSN,40.1,,39,159,143,16,28,5,0,5,5,0,12,45,.196,.258,.336,.594,.240,48,4,1,0,3,1,1,harvehu01
300,Thomas Hatch,28,TOR,4.0,,5,22,18,2,5,2,0,0,2,0,4,8,.278,.409,.389,.798,.500,7,0,0,0,0,0,1,hatchto01
301,Brent Headrick*,25,MIN,15.0,,8,64,54,9,12,3,0,2,0,0,7,18,.222,.313,.389,.701,.278,21,0,1,0,2,0,0,headrbr01
302,Andrew Heaney*,32,TEX,101.1,,20,438,385,57,94,20,2,19,9,1,43,103,.244,.331,.455,.786,.283,175,9,8,0,2,0,3,heanean01
303,Taylor Hearn*,28,TEX,7.0,,4,34,30,8,9,0,0,1,3,0,4,7,.300,.382,.400,.782,.364,12,0,0,0,0,0,0,hearnta01
304,Jonathan Heasley,26,KCR,11.0,,9,45,42,7,10,2,1,2,1,0,2,8,.238,.267,.476,.743,.242,20,0,0,0,1,0,0,heasljo01
305,Ben Heller,31,ATL,14.0,,15,59,50,5,10,1,1,1,0,0,7,14,.200,.322,.320,.642,.257,16,2,2,0,0,0,0,hellebe01
306,Ryan Helsley,28,STL,25.0,,22,103,88,10,18,5,0,1,1,0,11,33,.205,.291,.295,.587,.298,26,2,1,0,3,1,0,helslry01
307,Heath Hembree,34,TBR,1.1,,1,4,3,0,0,0,0,0,0,0,1,2,.000,.250,.000,.250,.000,0,1,0,0,0,0,0,hembrhe01
308,Kyle Hendricks,33,CHC,70.1,,12,285,267,33,62,13,0,8,11,1,11,46,.232,.268,.371,.638,.250,99,1,3,1,3,0,1,hendrky01
309,Liam Hendriks,34,CHW,5.0,,5,20,18,3,4,1,0,1,1,0,1,3,.222,.250,.444,.694,.200,8,0,0,0,1,0,0,hendrli01
310,Tommy Henry*,25,ARI,83.0,,16,356,318,38,80,14,2,12,9,3,34,58,.252,.331,.421,.753,.274,134,5,4,0,0,1,1,henryto01
311,Sam Hentges*,26,CLE,26.2,,29,119,107,22,28,6,1,2,2,0,12,25,.262,.336,.393,.729,.325,42,3,0,0,0,0,2,hentgsa01
312,Jimmy Herget,29,LAA,16.0,,16,71,64,9,19,5,0,4,0,0,5,10,.297,.366,.563,.929,.300,36,2,2,0,0,2,0,hergeji01
313,Kevin Herget,32,CIN,22.0,,13,96,88,14,24,7,1,4,0,0,6,11,.273,.333,.511,.845,.274,45,1,2,0,0,1,1,hergeke01
314,Carlos Hernández,26,KCR,50.0,,43,199,184,22,37,11,0,4,1,1,13,57,.201,.251,.326,.577,.264,60,3,0,0,2,0,0,hernaca04
315,Daysbel Hernández,26,ATL,2.0,,2,10,9,2,3,0,0,1,1,0,1,4,.333,.400,.667,1.067,.500,6,0,0,0,0,0,0,hernada03
316,Jonathan Hernández,26,TEX,21.2,,25,101,84,16,24,2,1,4,2,0,11,23,.286,.380,.476,.856,.339,40,1,3,1,2,0,0,hernajo02
317,Jose Hernandez*,25,PIT,29.2,,28,120,110,12,24,8,0,5,1,0,7,33,.218,.269,.427,.696,.260,47,0,1,1,1,1,0,hernajo03
318,Yonny Hernández,25,LAD,1.0,,1,4,4,0,1,0,0,0,0,0,0,0,.250,.250,.250,.500,.250,1,0,0,0,0,0,0,hernayo02
319,Jose Herrera,26,ARI,1.0,,1,7,7,2,4,1,0,0,0,0,0,0,.571,.571,.714,1.286,.571,5,0,0,0,0,0,0,herrejo04
320,Tim Herrin*,26,CLE,24.1,,20,106,91,16,24,3,0,3,3,0,11,28,.264,.352,.396,.748,.344,36,3,2,1,1,0,1,herriti01
321,Jordan Hicks,26,STL,41.2,,40,189,160,21,39,7,1,2,0,2,24,59,.244,.349,.338,.687,.366,54,3,3,0,2,0,1,hicksjo03
322,Garrett Hill,27,DET,13.2,,8,72,56,19,17,6,0,3,1,0,13,14,.304,.437,.571,1.008,.350,32,2,1,0,1,0,1,hillga02
323,Rich Hill*,43,PIT,114.0,,21,508,456,68,124,36,3,14,20,2,44,97,.272,.339,.456,.795,.318,208,6,3,2,1,0,4,hillri01
324,Tim Hill*,33,SDP,42.1,,44,183,162,27,49,7,0,6,0,0,11,26,.302,.365,.457,.821,.326,74,9,6,2,2,0,3,hillti01
325,Sean Hjelle,26,SFG,17.1,,11,89,73,19,24,4,0,1,3,0,12,21,.329,.432,.425,.856,.442,31,1,2,1,1,1,1,hjellse01
326,Bryan Hoeing,26,MIA,45.1,,23,192,170,24,43,13,2,7,3,1,18,35,.253,.323,.476,.799,.275,81,4,1,0,3,2,0,hoeinbr01
327,Jeff Hoffman,30,PHI,26.2,,24,108,94,10,17,5,0,2,5,1,11,36,.181,.274,.298,.571,.268,28,1,1,2,0,1,1,hoffmje02
328,Colin Holderman,27,PIT,34.0,,36,146,134,15,36,7,0,4,4,2,10,34,.269,.317,.410,.728,.330,55,0,0,1,1,2,0,holdeco01
329,Gavin Hollowell,25,COL,14.1,,11,66,57,10,14,1,1,2,2,0,7,15,.246,.348,.404,.752,.300,23,0,2,0,0,1,0,holloga01
330,Clay Holmes,30,NYY,40.2,,43,167,147,10,30,6,0,1,1,0,16,50,.204,.287,.265,.553,.296,39,4,2,0,2,0,0,holmecl01
331,Tyler Holton*,27,DET,53.0,,34,204,186,11,34,6,0,4,0,0,15,46,.183,.246,.280,.526,.219,52,4,1,1,1,1,0,holtoty01
332,Brent Honeywell Jr.,28,SDP,44.2,,35,195,169,20,41,3,1,8,5,0,20,41,.243,.335,.414,.749,.273,70,5,4,1,1,0,2,honeybr01
333,Tanner Houck,27,BOS,67.2,,13,285,255,39,62,10,0,9,3,2,23,64,.243,.306,.388,.695,.285,99,5,2,1,4,0,1,houckta01
334,Adrian Houser,30,MIL,63.0,,13,277,254,29,74,10,1,7,2,1,21,49,.291,.347,.421,.768,.337,107,6,1,0,1,0,2,housead01
335,Spencer Howard,26,TEX,1.1,,2,10,8,4,4,0,0,1,2,0,1,0,.500,.600,.875,1.475,.429,7,0,1,0,0,0,0,howarsp01
336,Bryan Hudson*,26,LAD,3.2,,2,19,16,4,6,1,0,0,0,0,2,3,.375,.421,.438,.859,.429,7,0,0,0,1,0,0,hudsobr01
337,Dakota Hudson,28,STL,19.1,,7,89,80,10,24,7,0,1,1,0,7,13,.300,.360,.425,.785,.343,34,1,1,0,1,0,0,hudsoda02
338,Daniel Hudson,36,LAD,3.0,,3,14,11,0,2,1,0,0,0,0,3,5,.182,.357,.273,.630,.333,3,0,0,0,0,0,0,hudsoda01
339,Brandon Hughes*,27,CHC,13.2,,17,63,53,11,14,2,0,2,4,0,8,17,.264,.371,.415,.786,.353,22,1,1,1,0,1,0,hughebr01
340,Tommy Hunter,36,NYM,23.2,,14,106,98,20,28,5,1,6,1,0,5,20,.286,.330,.541,.871,.301,53,1,2,0,1,0,0,hunteto02
341,Raisel Iglesias,33,ATL,29.2,,32,126,117,16,29,6,0,4,0,0,9,37,.248,.302,.402,.703,.329,47,3,0,0,0,2,0,iglesra01
342,Kolton Ingram*,26,LAA,2.1,,2,14,12,4,5,2,0,1,0,0,2,3,.417,.500,.833,1.333,.500,10,0,0,0,0,0,0,ingrako01
343,Cole Irvin*,29,BAL,42.2,,12,195,174,25,48,10,1,5,0,0,16,38,.276,.344,.431,.775,.323,75,2,3,0,2,0,1,irvinco01
344,Jake Irvin,26,WSN,74.1,,15,327,285,45,74,8,1,13,5,0,32,60,.260,.343,.432,.774,.282,123,10,6,0,4,0,1,irvinja01
345,Andre Jackson,27,LAD,17.2,,7,79,76,13,22,5,0,5,1,0,3,16,.289,.316,.553,.869,.309,42,0,0,0,0,0,2,jacksan01
346,Jay Jackson,35,TOR,15.2,,11,56,52,1,5,0,0,1,0,0,4,16,.096,.161,.154,.315,.114,8,0,0,0,0,1,0,jacksja01
347,Luke Jackson,31,SFG,10.1,,11,40,38,2,7,2,1,0,1,0,2,13,.184,.225,.289,.514,.280,11,0,0,0,0,0,0,jackslu01
348,Zach Jackson,28,OAK,18.0,,19,80,69,7,18,2,0,1,2,1,10,23,.261,.354,.333,.688,.378,23,0,0,1,0,0,0,jacksza02
349,Alek Jacob,25,SDP,3.0,,3,10,9,0,0,0,0,0,1,0,1,5,.000,.100,.000,.100,.000,0,0,0,0,0,0,0,jacobal01
350,Joe Jacques*,28,BOS,16.2,,14,71,67,11,22,4,2,2,0,1,2,13,.328,.357,.537,.894,.385,36,5,1,1,0,0,2,jacqujo01
351,Drey Jameson,25,ARI,40.2,,15,174,154,15,40,6,0,6,0,0,18,37,.260,.339,.416,.755,.304,64,6,1,0,1,0,0,jamesdr01
352,Kenley Jansen,35,BOS,33.1,,36,142,127,12,31,7,0,2,10,3,14,39,.244,.324,.346,.670,.337,44,0,1,0,0,1,0,janseke01
353,Cristian Javier,26,HOU,102.0,,19,424,383,50,91,25,1,14,13,3,33,94,.238,.300,.418,.718,.276,160,6,3,1,4,0,1,javiecr01
354,Griffin Jax,28,MIN,42.1,,45,170,158,17,33,5,1,2,6,0,11,42,.209,.260,.291,.551,.272,46,3,0,1,0,1,3,jaxgr01
355,Dany Jiménez,29,OAK,6.2,,7,30,24,4,4,0,0,2,1,0,6,4,.167,.333,.417,.750,.111,10,0,0,0,0,1,0,jimenda01
356,Joe Jiménez,28,ATL,35.2,,36,150,136,14,30,10,0,4,5,0,10,44,.221,.277,.382,.659,.292,52,2,1,2,1,0,2,jimenjo02
357,Pierce Johnson,32,TOT,39.2,,44,192,165,29,48,12,0,7,0,0,25,58,.291,.382,.491,.873,.406,81,2,0,1,1,1,0,johnspi01
358,Pierce Johnson,32,COL,39.0,,43,188,161,28,47,11,0,7,0,0,25,58,.292,.385,.491,.876,.412,79,2,0,1,1,1,0,johnspi01
359,Pierce Johnson,32,ATL,0.2,,1,4,4,1,1,1,0,0,0,0,0,0,.250,.250,.500,.750,.250,2,0,0,0,0,0,0,johnspi01
360,Ben Joyce,22,LAA,4.0,,5,21,16,2,5,1,0,1,0,0,4,5,.313,.429,.563,.991,.364,9,0,0,0,1,0,0,joycebe01
361,Jakob Junis,30,SFG,56.1,,27,247,223,32,66,16,0,11,3,2,17,66,.296,.351,.516,.867,.372,115,7,3,0,2,1,1,junisja01
362,Janson Junk,27,MIL,4.2,,1,24,21,5,7,3,0,1,0,0,2,2,.333,.391,.619,1.010,.333,13,0,0,0,0,0,1,junkja01
363,Tommy Kahnle,33,NYY,21.0,,22,83,73,6,13,4,0,1,0,0,8,22,.178,.265,.274,.539,.235,20,2,1,0,1,0,0,kahnlto01
364,James Kaprielian,29,OAK,61.0,,14,280,241,45,66,16,0,9,10,2,31,57,.274,.367,.452,.819,.324,109,4,5,1,1,1,0,kaprija01
365,Ricky Karcher,25,CIN,1.0,,1,4,3,0,0,0,0,0,2,0,1,0,.000,.250,.000,.250,.000,0,0,0,0,0,0,0,karchri01
366,James Karinchak,27,CLE,27.2,,32,118,94,12,15,2,1,6,6,1,19,38,.160,.305,.394,.699,.170,37,0,2,0,3,1,0,karinja01
367,Karl Kauffmann,25,COL,21.2,,6,99,83,22,28,7,0,3,4,0,11,8,.337,.424,.530,.954,.338,44,8,3,0,2,0,1,kauffka01
368,Anthony Kay*,28,CHC,10.1,,12,45,38,4,8,4,0,1,0,0,6,8,.211,.333,.395,.728,.241,15,0,1,0,0,0,0,kayan01
369,Brad Keller,27,KCR,43.1,,9,201,157,23,41,8,0,3,2,0,40,31,.261,.418,.369,.787,.306,58,10,3,0,1,0,1,kellebr01
370,Mitch Keller,27,PIT,128.0,,21,539,491,62,116,22,2,16,9,0,37,137,.236,.297,.387,.684,.292,190,8,7,0,4,0,4,kellemi03
371,Trevor Kelley,30,TBR,13.1,,9,57,51,6,12,3,0,3,0,0,4,8,.235,.316,.471,.786,.225,24,1,2,0,0,1,0,kelletr01
372,Carson Kelly,28,ARI,1.0,,1,5,4,0,1,0,0,0,0,0,1,0,.250,.400,.250,.650,.250,1,0,0,0,0,0,0,kellyca02
373,Joe Kelly,35,CHW,29.0,,31,128,114,19,26,7,2,3,3,0,12,41,.228,.313,.404,.716,.329,46,2,2,0,0,0,0,kellyjo05
374,Kevin Kelly,25,TBR,44.2,,39,182,164,15,34,13,0,1,4,1,11,36,.207,.286,.305,.591,.260,50,4,7,0,0,1,1,kellyke02
375,Merrill Kelly,34,ARI,101.0,,17,406,361,41,75,16,3,10,7,3,39,103,.208,.289,.352,.641,.260,127,10,3,1,2,0,3,kellyme01
376,Michael Kelly,30,CLE,5.2,,5,22,20,1,4,2,0,0,2,0,2,7,.200,.273,.300,.573,.308,6,1,0,0,0,0,0,kellymi03
377,Zack Kelly,28,BOS,7.1,,6,34,25,3,6,4,0,0,2,0,6,6,.240,.424,.400,.824,.316,10,0,2,0,0,0,0,kellyza01
378,Brett Kennedy,28,CIN,5.0,,1,22,19,4,5,3,0,0,0,0,2,3,.263,.318,.421,.739,.294,8,0,0,0,1,0,0,kennebr02
379,Ian Kennedy,38,TEX,10.0,,11,46,41,10,11,3,0,1,1,0,3,13,.268,.326,.415,.741,.357,17,0,1,0,1,0,0,kenneia01
380,Ray Kerr*,28,SDP,8.0,,8,33,31,7,8,2,1,3,0,0,1,7,.258,.281,.677,.959,.238,21,0,0,1,0,1,0,kerrra01
381,Clayton Kershaw*,35,LAD,95.1,,16,379,352,30,76,13,0,12,5,2,24,105,.216,.269,.355,.624,.271,125,11,2,0,1,0,3,kershcl01
382,Yusei Kikuchi*,32,TOR,109.1,,21,459,420,48,107,15,1,22,8,1,33,116,.255,.315,.452,.767,.301,190,9,4,2,0,0,2,kikucyu01
383,Caleb Kilian,26,CHC,3.1,,1,23,19,7,10,2,0,0,0,0,2,4,.526,.609,.632,1.240,.667,12,1,2,0,0,0,0,kiliaca01
384,Craig Kimbrel,35,PHI,43.0,,45,169,150,16,25,5,0,6,5,0,17,64,.167,.260,.320,.580,.238,48,3,2,0,0,1,1,kimbrcr01
385,Isiah Kiner-Falefa,28,NYY,4.0,,4,16,16,1,4,2,0,0,0,0,0,1,.250,.250,.375,.625,.267,6,0,0,0,0,0,0,kineris01
386,John King*,28,TEX,18.2,,15,81,76,12,26,4,0,1,0,0,4,10,.342,.370,.434,.805,.379,33,4,0,0,1,0,0,kingjo01
387,Michael King,28,NYY,53.1,,34,226,201,20,44,10,1,5,1,0,19,60,.219,.302,.353,.655,.287,71,4,5,1,0,0,0,kingmi01
388,George Kirby,25,SEA,123.2,,20,495,477,50,121,20,6,14,9,3,12,112,.254,.276,.409,.685,.304,195,12,3,2,1,0,3,kirbyge01
389,Corey Kluber,37,BOS,55.0,,15,257,232,47,69,16,2,17,3,0,21,42,.297,.366,.603,.969,.301,140,1,4,0,0,0,2,klubeco01
390,Reiss Knehr,26,SDP,5.2,,4,32,26,10,10,1,1,3,0,0,5,4,.385,.469,.846,1.315,.350,22,0,0,0,1,0,0,knehrre01
391,Matt Koch,32,COL,12.2,,12,44,43,2,6,2,0,0,0,0,1,8,.140,.159,.186,.345,.171,8,1,0,0,0,0,0,kochma01
392,Adam Kolarek*,34,LAD,1.1,,1,5,5,0,1,0,0,0,0,0,0,2,.200,.200,.200,.400,.333,1,0,0,0,0,0,0,kolarad01
393,Michael Kopech,27,CHW,97.1,,19,428,357,49,80,13,2,22,20,4,58,107,.224,.343,.457,.800,.250,163,9,9,0,4,0,2,kopecmi01
394,Jackson Kowar,26,KCR,11.2,,8,59,51,12,15,4,0,1,2,0,7,14,.294,.390,.431,.821,.389,22,0,1,0,0,0,1,kowarja01
395,Dean Kremer,27,BAL,115.2,,21,489,450,62,118,17,1,22,7,4,33,104,.262,.319,.451,.770,.295,203,9,5,0,1,0,3,kremede01
396,Brooks Kriske,29,KCR,6.2,,4,25,20,3,3,0,0,2,1,2,4,6,.150,.280,.450,.730,.077,9,0,0,0,1,0,0,kriskbr01
397,Matt Krook*,28,NYY,3.0,,2,20,15,7,6,1,0,1,0,0,4,1,.400,.500,.667,1.167,.357,10,0,0,0,1,0,0,krookma01
398,Chad Kuhl,30,WSN,38.1,,16,187,150,38,47,12,1,8,9,3,28,31,.313,.419,.567,.986,.336,85,5,3,1,5,2,2,kuhlch01
399,Joel Kuhnel,28,TOT,5.1,,4,29,26,7,11,3,0,1,1,0,3,1,.423,.483,.654,1.137,.417,17,1,0,0,0,1,0,kuhnejo01
400,Joel Kuhnel,28,CIN,3.1,,2,17,15,3,6,2,0,0,1,0,2,0,.400,.471,.533,1.004,.400,8,1,0,0,0,0,0,kuhnejo01
401,Joel Kuhnel,28,HOU,2.0,,2,12,11,4,5,1,0,1,0,0,1,1,.455,.500,.818,1.318,.444,9,0,0,0,0,1,0,kuhnejo01
402,Joe La Sorsa*,25,TOT,12.0,,12,60,51,9,15,3,0,0,3,0,6,9,.294,.400,.353,.753,.357,18,0,3,0,0,0,0,lasorjo01
403,Joe La Sorsa*,25,TBR,4.1,,2,20,16,1,3,1,0,0,1,0,3,3,.188,.350,.250,.600,.231,4,0,1,0,0,0,0,lasorjo01
404,Joe La Sorsa*,25,WSN,7.2,,10,40,35,8,12,2,0,0,2,0,3,6,.343,.425,.400,.825,.414,14,0,2,0,0,0,0,lasorjo01
405,Jake Lamb,32,LAA,1.0,,1,4,4,0,1,1,0,0,0,0,0,0,.250,.250,.500,.750,.250,2,0,0,0,0,0,0,lambja01
406,Jimmy Lambert,28,CHW,24.1,,25,116,100,20,29,8,1,7,4,0,14,28,.290,.383,.600,.983,.338,60,1,1,1,0,1,0,lambeji01
407,Peter Lambert,26,COL,45.1,,17,194,174,26,47,11,4,9,2,3,17,41,.270,.340,.534,.875,.304,93,2,2,0,1,0,1,lambepe01
408,Dinelson Lamet,30,COL,25.2,,16,134,109,35,38,10,2,6,3,1,22,31,.349,.455,.642,1.097,.432,70,4,1,0,2,0,1,lametdi01
409,Alex Lange,27,DET,41.2,,42,182,146,20,26,10,0,3,3,1,28,53,.178,.319,.308,.627,.245,45,1,4,0,4,1,2,langeal01
410,Eric Lauer*,28,MIL,42.2,,9,187,165,31,45,10,0,13,2,4,20,41,.273,.348,.570,.917,.283,94,2,0,0,2,0,1,lauerer01
411,Derek Law,32,CIN,30.0,,30,134,115,14,30,3,0,4,2,0,18,27,.261,.361,.391,.752,.310,45,6,0,1,0,0,2,lawde01
412,Justin Lawrence,28,COL,52.0,,44,212,183,21,34,7,2,2,5,0,24,53,.186,.282,.279,.561,.248,51,6,1,3,1,3,1,lawreju01
413,Kyle Leahy,26,STL,1.2,,3,15,9,4,4,1,1,1,0,0,5,2,.444,.667,1.111,1.778,.500,10,0,1,0,0,0,0,leahyky01
414,José Leclerc,29,TEX,32.1,,32,134,116,12,24,3,0,3,2,1,17,35,.207,.306,.310,.616,.266,36,3,0,0,1,1,0,leclejo01
415,Dylan Lee*,28,ATL,20.1,,20,85,76,9,18,2,0,2,3,0,7,23,.237,.301,.342,.643,.314,26,0,0,2,0,0,0,leedy01
416,Casey Legumina,26,CIN,11.2,,10,56,48,11,15,5,0,3,0,0,8,11,.313,.411,.604,1.015,.353,29,3,0,0,0,0,1,legumca01
417,Mark Leiter Jr.,32,CHC,43.1,,43,175,154,17,27,5,2,4,6,0,14,55,.175,.263,.312,.575,.237,48,2,5,0,2,0,1,leitema02
418,Sandy León,34,TEX,1.0,,1,5,4,2,1,0,0,1,0,0,0,0,.250,.400,1.000,1.400,.000,4,0,1,0,0,0,0,leonsa01
419,Dominic Leone,31,NYM,29.2,,30,123,108,15,26,4,0,7,8,0,10,33,.241,.301,.472,.773,.264,51,3,1,0,4,2,0,leonedo01
420,Josh Lester,28,BAL,1.0,,1,5,4,0,1,1,0,0,0,0,1,1,.250,.400,.500,.900,.333,2,0,0,0,0,0,0,lestejo02
421,Matthew Liberatore*,23,STL,32.0,,9,158,133,29,43,14,2,2,1,1,16,22,.323,.405,.504,.909,.363,67,1,5,0,4,0,1,liberma01
422,Jeff Lindgren,26,MIA,7.0,,3,28,24,4,4,1,1,0,0,0,4,1,.167,.286,.292,.577,.174,7,1,0,0,0,0,0,lindgje01
423,Zack Littell,27,TOT,24.2,,16,109,103,14,31,7,0,4,0,0,5,26,.301,.333,.485,.819,.370,50,2,0,1,0,1,0,litteza01
424,Zack Littell,27,BOS,3.0,,2,15,12,3,3,2,0,0,0,0,3,2,.250,.400,.417,.817,.300,5,0,0,0,0,1,0,litteza01
425,Zack Littell,27,TBR,21.2,,14,94,91,11,28,5,0,4,0,0,2,24,.308,.323,.495,.817,.381,45,2,0,1,0,0,0,litteza01
426,Ben Lively,31,CIN,67.0,,13,280,261,28,64,10,1,13,3,0,17,62,.245,.296,.441,.737,.274,115,2,2,0,0,0,0,livelbe01
427,Mauricio Llovera,27,SFG,5.1,,5,21,18,1,4,1,0,1,0,0,2,5,.222,.286,.444,.730,.231,8,1,0,0,1,0,0,llovema01
428,Jonathan Loáisiga,28,NYY,3.1,,3,13,11,1,2,0,0,1,0,0,0,1,.182,.231,.455,.685,.100,5,0,1,0,1,0,0,loaisjo01
429,Nick Lodolo*,25,CIN,34.1,,7,166,147,24,50,7,1,10,1,2,10,47,.340,.406,.605,1.012,.440,89,4,7,1,1,1,1,lodolni01
430,Zach Logue*,27,DET,11.0,,3,49,47,9,13,2,0,3,1,0,2,10,.277,.306,.511,.817,.294,24,0,0,0,0,0,1,logueza01
431,Sam Long*,27,OAK,37.1,,32,157,140,19,36,9,0,3,0,2,14,26,.257,.327,.386,.713,.295,54,4,1,1,1,1,0,longsa01
432,Jorge López,30,MIN,35.1,,37,155,133,22,34,9,0,7,5,1,11,27,.256,.344,.481,.825,.267,64,3,8,1,2,3,1,lopezjo02
433,José Lopez*,24,TBR,2.0,,1,10,9,1,3,1,0,0,0,0,1,2,.333,.400,.444,.844,.429,4,0,0,0,0,0,0,lopezjo04
434,Pablo López,27,MIN,128.2,,21,530,483,60,111,18,4,17,7,3,36,160,.230,.289,.389,.678,.303,188,5,6,0,4,1,2,lopezpa01
435,Reynaldo López,29,CHW,42.0,,43,178,155,21,33,3,1,7,6,0,22,52,.213,.309,.381,.690,.268,59,0,0,0,1,1,0,lopezre01
436,Michael Lorenzen,31,DET,105.2,,18,418,382,44,89,16,1,11,1,2,27,83,.233,.285,.366,.652,.268,140,13,2,3,3,0,3,lorenmi01
437,Aaron Loup*,35,LAA,29.0,,33,132,118,18,33,9,0,2,3,1,11,28,.280,.348,.407,.755,.348,48,0,2,0,1,3,2,loupaa01
438,Richard Lovelady*,27,OAK,23.1,,27,96,80,13,15,6,0,3,3,1,10,24,.188,.292,.375,.667,.214,30,2,3,0,3,0,1,lovelri01
439,Joey Lucchesi*,30,NYM,22.1,,5,93,84,11,22,5,0,4,0,0,8,17,.262,.326,.464,.790,.286,39,4,0,1,0,0,0,lucchjo01
440,Lucas Luetge*,36,ATL,11.2,,11,59,50,11,17,1,0,2,2,0,7,11,.340,.424,.480,.904,.395,24,1,1,0,1,0,0,luetglu01
441,Seth Lugo,33,SDP,82.0,,15,338,319,35,82,14,2,11,4,0,16,79,.257,.296,.417,.713,.309,133,6,2,0,1,0,2,lugose01
442,Jesús Luzardo*,25,MIA,120.1,,21,490,451,46,106,30,2,13,9,3,32,144,.235,.292,.397,.689,.314,179,13,5,0,2,1,5,luzarje01
443,Jordan Lyles,32,KCR,107.2,,19,458,421,79,107,28,1,22,7,0,32,76,.254,.306,.482,.789,.261,203,8,1,0,3,0,3,lylesjo01
444,Daniel Lynch IV*,26,KCR,52.1,,9,223,204,29,50,8,1,9,9,1,16,34,.245,.300,.426,.727,.252,87,1,1,0,2,0,1,lynchda02
445,Lance Lynn,36,CHW,119.2,,21,535,481,94,130,19,3,28,5,2,45,144,.270,.340,.497,.837,.328,239,9,7,0,2,1,4,lynnla01
446,Andrés Machado,30,WSN,18.0,,15,81,75,16,25,4,0,6,4,0,5,14,.333,.370,.627,.997,.339,47,2,0,0,1,0,0,machaan02
447,Bligh Madris,27,HOU,1.0,,1,4,3,1,1,0,0,1,0,0,1,0,.333,.500,1.333,1.833,.000,4,1,0,0,0,0,0,madribl01
448,Kenta Maeda,35,MIN,48.2,,10,201,185,26,47,11,1,6,5,1,14,58,.254,.303,.422,.725,.333,78,6,0,0,2,0,1,maedake01
449,Tyler Mahle,28,MIN,25.2,,5,102,97,11,22,4,0,5,2,1,5,28,.227,.265,.423,.687,.266,41,2,0,0,0,0,2,mahlety01
450,Luke Maile,32,CIN,2.0,,2,10,10,1,4,1,0,0,0,0,0,0,.400,.400,.500,.900,.400,5,0,0,0,0,0,0,mailelu01
451,Sean Manaea*,31,SFG,66.0,,23,295,257,51,66,15,4,8,6,2,27,80,.257,.339,.440,.779,.335,113,6,7,0,4,0,1,manaese01
452,Matt Manning,25,DET,41.2,,8,170,149,21,32,4,1,7,0,1,13,30,.215,.288,.396,.684,.216,59,2,4,0,4,0,2,mannima02
453,Alek Manoah,25,TOR,72.1,,16,347,289,53,79,11,2,13,13,1,51,62,.273,.392,.460,.852,.307,133,6,6,0,1,0,1,manoaal01
454,Joe Mantiply*,32,ARI,15.2,,13,62,61,10,16,8,1,3,0,0,1,14,.262,.274,.574,.848,.295,35,2,0,0,0,0,0,mantijo01
455,Ron Marinaccio,27,NYY,43.2,,43,190,157,24,35,7,0,6,11,2,25,51,.223,.346,.382,.728,.287,60,2,5,1,1,0,0,marinro01
456,Germán Márquez,28,COL,20.0,,4,80,74,11,19,6,1,4,0,2,3,17,.257,.282,.527,.809,.278,39,3,0,0,1,0,0,marquge01
457,Alec Marsh,25,KCR,23.0,,5,109,91,19,24,2,1,9,6,0,14,27,.264,.385,.604,.990,.273,55,1,4,0,0,0,0,marshal01
458,Yunior Marte,28,PHI,28.2,,30,128,116,21,31,4,1,4,2,0,11,26,.267,.336,.422,.758,.314,49,3,1,0,0,0,2,marteyu01
459,Chris Martin,37,BOS,31.1,,34,122,117,5,27,3,0,1,3,0,4,29,.231,.254,.282,.536,.295,33,3,0,0,1,1,1,martich02
460,Adrián Martinez,26,OAK,23.2,,11,102,91,15,25,4,0,3,4,1,8,20,.275,.333,.418,.751,.314,38,1,1,0,2,0,0,martiad01
461,Justin Martinez,21,ARI,3.1,,4,25,19,7,8,1,0,1,0,0,5,4,.421,.560,.632,1.192,.500,12,0,1,0,0,1,1,martiju01
462,Nick Martinez,32,SDP,72.2,,43,304,274,33,67,4,0,10,9,0,25,65,.245,.312,.369,.681,.286,101,5,2,3,0,1,0,martini01
463,Seth Martinez,28,HOU,40.2,,33,185,161,28,43,12,1,5,4,1,18,44,.267,.362,.447,.809,.339,72,2,6,0,0,2,0,martise01
464,Miles Mastrobuoni,27,CHC,0.1,,1,5,5,4,4,1,0,1,0,0,0,0,.800,.800,1.600,2.400,.750,8,0,0,0,0,0,0,mastrmi01
465,Phil Maton,30,HOU,48.0,,48,197,171,20,34,9,0,3,1,0,18,52,.199,.301,.304,.605,.267,52,4,7,1,0,2,0,matonph01
466,Steven Matz*,32,STL,87.0,,22,380,344,45,95,21,1,10,13,1,30,85,.276,.339,.430,.769,.340,148,8,3,2,1,0,3,matzst01
467,Dustin May,25,LAD,48.0,,9,187,168,14,29,10,0,1,4,1,16,34,.173,.251,.250,.501,.209,42,3,2,0,1,0,0,maydu01
468,Trevor May,33,OAK,26.2,,29,125,97,16,21,5,1,4,6,2,23,23,.216,.382,.412,.794,.243,40,1,3,2,0,4,0,maytr01
469,Mike Mayers,31,KCR,26.1,,6,119,108,19,34,5,1,4,0,1,10,17,.315,.370,.491,.860,.341,53,4,0,0,1,0,1,mayermi01
470,Tim Mayza*,31,TOR,35.0,,47,135,129,6,30,6,0,1,3,0,6,35,.233,.267,.302,.569,.312,39,4,0,0,0,0,0,mayzati01
471,James McArthur,26,KCR,1.0,,1,10,9,7,6,2,1,1,0,0,1,0,.667,.700,1.444,2.144,.625,13,0,0,0,0,0,0,mcartja01
472,Darren McCaughan,27,SEA,4.0,,2,22,19,4,6,0,0,1,0,0,3,7,.316,.409,.474,.883,.455,9,0,0,0,0,0,1,mccauda01
473,Shane McClanahan*,26,TBR,106.0,,19,429,388,34,82,19,2,12,6,1,41,112,.211,.287,.363,.650,.265,141,9,0,0,0,0,1,mcclash01
474,T.J. McFarland*,34,NYM,1.2,,3,11,9,2,4,1,0,0,0,0,1,2,.444,.545,.556,1.101,.571,5,0,1,0,0,0,0,mcfartj01
475,Easton McGee,25,SEA,6.2,,1,22,21,0,1,1,0,0,0,0,1,2,.048,.091,.095,.186,.053,2,0,0,0,0,0,0,mcgeeea01
476,Scott McGough,33,ARI,50.1,,45,210,186,28,39,10,0,8,0,1,20,61,.210,.286,.392,.678,.258,73,1,1,0,3,2,1,mcgousc01
477,Collin McHugh,36,ATL,40.2,,30,182,163,20,49,6,0,3,3,1,14,29,.301,.370,.393,.763,.351,64,5,4,1,0,0,1,mchugco01
478,Ryan McKenna,26,BAL,1.0,,1,6,6,2,4,1,0,0,0,0,0,0,.667,.667,.833,1.500,.667,5,1,0,0,0,0,0,mckenry01
479,Triston McKenzie,25,CLE,10.0,,2,42,38,5,8,2,0,1,5,0,4,15,.211,.286,.342,.628,.318,13,0,0,0,0,0,0,mckentr01
480,Zach McKinstry,28,DET,1.0,,1,6,6,2,3,1,0,1,0,0,0,0,.500,.500,1.167,1.667,.400,7,0,0,0,0,0,0,mckinza01
481,Nick Mears,26,COL,7.0,,5,29,25,2,4,0,1,0,0,0,4,8,.160,.276,.240,.516,.235,6,1,0,0,0,0,1,mearsni01
482,Victor Mederos,22,LAA,2.0,,2,14,9,3,4,0,0,0,0,0,3,2,.444,.571,.444,1.016,.500,4,0,1,0,1,0,0,medervi01
483,Luis Medina,24,OAK,70.1,,14,311,272,45,69,19,2,12,6,3,36,70,.254,.341,.471,.811,.297,128,3,1,0,2,1,0,medinlu02
484,Trevor Megill,29,MIL,15.2,,15,70,60,8,16,3,0,0,9,0,7,21,.267,.343,.317,.660,.390,19,0,1,0,2,0,0,megiltr01
485,Tylor Megill,27,NYM,71.1,,15,327,282,49,80,13,0,9,7,3,39,58,.284,.377,.426,.803,.329,120,12,4,0,1,0,4,megilty01
486,J.C. Mejía,26,MIL,4.1,,5,16,16,2,5,0,0,1,0,0,0,4,.313,.313,.500,.813,.364,8,2,0,0,0,0,0,mejiaje02
487,Julian Merryweather,31,CHC,44.2,,44,197,174,20,43,4,0,4,4,1,22,60,.247,.330,.339,.669,.351,59,1,0,0,1,0,0,merryju01
488,Keynan Middleton,29,CHW,35.1,,38,150,132,16,30,3,0,7,2,2,16,46,.227,.315,.409,.725,.291,54,1,1,1,0,0,0,middlke01
489,Miles Mikolas,34,STL,127.1,,23,546,507,63,141,29,2,12,7,2,25,87,.278,.317,.414,.732,.312,210,7,7,0,6,0,3,mikolmi01
490,Wade Miley*,36,MIL,67.2,,13,275,253,23,59,13,1,8,1,2,19,46,.233,.291,.387,.678,.255,98,7,2,0,1,0,1,mileywa01
491,Bobby Miller,24,LAD,54.2,,10,228,208,26,49,13,1,5,8,0,16,53,.236,.303,.380,.682,.293,79,4,4,0,0,0,2,millebo06
492,Brad Miller,33,TEX,2.0,,1,9,6,3,2,0,0,1,0,0,2,0,.333,.444,.833,1.278,.167,5,1,0,0,1,0,0,millebr02
493,Bryce Miller,24,SEA,75.0,,14,297,280,33,60,17,0,11,4,1,15,71,.214,.259,.393,.652,.247,110,2,2,0,0,0,1,millebr04
494,Mason Miller,24,OAK,21.1,,4,85,75,8,14,2,1,1,1,1,7,22,.187,.271,.280,.551,.245,21,0,2,0,1,0,0,millema03
495,Shelby Miller,32,LAD,30.0,,25,120,99,8,12,3,0,3,7,1,18,31,.121,.269,.242,.511,.138,24,0,2,1,0,1,0,millesh01
496,Tyson Miller,27,TOT,11.1,,8,50,44,8,12,3,0,2,0,0,4,8,.273,.340,.477,.817,.286,21,0,1,0,1,0,0,millety01
497,Tyson Miller,27,MIL,9.1,,7,41,36,6,9,3,0,2,0,0,3,7,.250,.317,.500,.817,.250,18,0,1,0,1,0,0,millety01
498,Tyson Miller,27,LAD,2.0,,1,9,8,2,3,0,0,0,0,0,1,1,.375,.444,.375,.819,.429,3,0,0,0,0,0,0,millety01
499,Alec Mills,31,CIN,1.0,,1,10,8,5,4,0,1,1,0,0,1,0,.500,.600,1.125,1.725,.429,9,0,1,0,0,0,1,millsal02
500,Hoby Milner*,32,MIL,40.2,,46,161,149,10,35,8,0,4,0,1,9,38,.235,.286,.369,.655,.287,55,7,2,0,1,0,0,milneho01
501,Tommy Milone*,36,SEA,9.0,,2,40,33,3,7,0,0,1,0,0,6,3,.212,.325,.303,.628,.200,10,1,0,0,1,0,1,milonto01
502,A.J. Minter*,29,ATL,40.1,,44,158,146,22,34,4,1,4,7,3,10,50,.233,.278,.356,.635,.319,52,2,0,0,2,0,0,minteaj01
503,Anthony Misiewicz*,28,TOT,8.1,,8,42,38,8,15,3,2,2,0,0,3,6,.395,.429,.737,1.165,.419,28,1,0,0,1,0,0,misiean01
504,Anthony Misiewicz*,28,ARI,8.0,,7,37,33,5,11,2,2,1,0,0,3,6,.333,.378,.606,.984,.370,20,1,0,0,1,0,0,misiean01
505,Anthony Misiewicz*,28,DET,0.1,,1,5,5,3,4,1,0,1,0,0,0,0,.800,.800,1.600,2.400,.750,8,0,0,0,0,0,0,misiean01
506,Carmen Mlodzinski,24,PIT,17.1,,15,69,61,8,11,1,0,2,2,1,7,14,.180,.275,.295,.570,.200,18,0,1,0,0,0,0,mlodzca01
507,Sam Moll*,31,OAK,36.1,,43,164,137,19,33,6,2,1,5,1,18,44,.241,.354,.336,.689,.340,46,4,7,0,2,4,1,mollsa01
508,Rafael Montero,32,HOU,43.0,,41,189,167,31,47,9,3,8,9,2,18,44,.281,.360,.515,.875,.336,86,4,3,0,1,0,1,montera01
509,Jordan Montgomery*,30,STL,115.0,,20,484,445,51,111,33,3,11,9,0,31,105,.249,.301,.411,.712,.301,183,11,3,2,3,0,4,montgjo01
510,Matt Moore*,34,LAA,31.0,,28,119,108,8,20,4,1,4,2,0,8,30,.185,.252,.352,.604,.213,38,4,2,0,1,2,0,moorema02
511,McKinley Moore,24,PHI,3.1,,3,21,14,7,5,3,0,1,0,0,5,2,.357,.571,.786,1.357,.364,11,1,2,0,0,0,0,mooremc01
512,Jovani Moran*,26,MIN,40.1,,40,172,147,24,32,3,2,3,2,1,24,46,.218,.327,.327,.654,.296,48,4,0,1,0,1,0,moranjo01
513,Adrián Morejón*,24,SDP,9.0,,8,44,38,7,14,4,0,1,1,0,5,8,.368,.442,.553,.994,.448,21,2,0,1,0,0,1,morejad01
514,Dauri Moreta,27,PIT,45.1,,45,187,162,20,31,11,1,4,5,0,20,62,.191,.289,.346,.634,.276,56,3,3,0,2,1,1,moretda01
515,Eli Morgan,27,CLE,42.1,,39,181,168,15,41,9,0,5,7,1,12,44,.244,.293,.387,.680,.300,65,0,0,0,1,1,2,morgael01
516,Reyes Moronta,30,LAA,1.1,,2,11,8,1,4,0,0,1,0,0,3,2,.500,.636,.875,1.511,.600,7,0,0,0,0,0,0,moronre01
517,Cody Morris,26,CLE,4.0,,4,20,18,4,7,2,0,3,0,1,2,6,.389,.450,1.000,1.450,.444,18,0,0,0,0,0,0,morrico01
518,Charlie Morton,39,ATL,113.1,,20,494,431,49,110,23,2,10,11,3,51,120,.255,.340,.387,.728,.329,167,13,6,2,3,1,4,mortoch02
519,Zach Muckenhirn*,28,NYM,6.0,,3,31,27,4,11,4,0,0,0,0,2,3,.407,.452,.556,1.007,.440,15,1,1,0,1,0,0,muckeza01
520,Kyle Muller*,25,OAK,52.0,,11,253,217,45,75,13,0,10,7,1,27,37,.346,.418,.544,.962,.374,118,5,3,2,4,1,1,mulleky01
521,Andrés Muñoz,24,SEA,22.1,,23,93,83,7,16,5,0,1,1,0,9,32,.193,.280,.289,.569,.300,24,1,1,0,0,1,1,munozan01
522,Penn Murfee,29,SEA,14.0,,16,58,46,5,5,1,0,1,3,0,10,16,.109,.281,.196,.476,.138,9,0,1,1,0,3,0,murfepe01
523,Chris Murphy*,25,BOS,25.0,,8,103,91,5,18,6,0,1,2,1,11,26,.198,.284,.297,.581,.266,27,3,0,1,0,0,2,murphch01
524,Joe Musgrove,30,SDP,91.1,,16,375,343,35,86,15,0,10,5,2,19,92,.251,.304,.382,.686,.310,131,11,9,0,4,1,1,musgrjo01
525,Parker Mushinski*,27,HOU,7.2,,6,37,32,2,9,3,0,0,1,0,2,11,.281,.378,.375,.753,.429,12,0,3,0,0,0,0,mushipa01
526,James Naile,30,STL,7.2,,5,48,41,14,18,4,0,0,0,0,7,4,.439,.521,.537,1.057,.486,22,1,0,0,0,0,1,naileja01
527,Andrew Nardi*,24,MIA,36.2,,41,149,136,14,30,9,0,7,0,1,11,48,.221,.284,.441,.725,.284,60,1,1,1,0,2,0,nardian01
528,Packy Naughton*,27,STL,5.0,,4,17,16,0,2,1,0,0,0,0,1,5,.125,.176,.188,.364,.182,3,1,0,0,0,0,0,naughpa01
529,Zach Neal,34,OAK,3.1,,2,14,14,3,4,0,0,2,0,0,0,3,.286,.286,.714,1.000,.222,10,0,0,0,0,0,0,nealza01
530,Kyle Nelson*,26,ARI,39.0,,46,162,149,16,36,7,0,7,0,0,9,50,.242,.289,.430,.719,.315,64,2,1,3,0,0,2,nelsoky01
531,Ryne Nelson,25,ARI,112.1,,21,481,438,64,125,30,6,18,1,4,33,74,.285,.333,.505,.837,.304,221,11,1,2,6,0,1,nelsory01
532,Hector Neris,34,HOU,43.2,,46,175,149,8,27,4,0,5,5,2,22,50,.181,.295,.309,.604,.234,46,4,2,1,0,0,0,nerishe01
533,Vinny Nittoli,32,NYM,1.2,,2,5,5,0,1,0,0,0,0,1,0,1,.200,.200,.200,.400,.250,1,0,0,0,0,0,0,nittovi01
534,Stephen Nogosek,28,NYM,25.2,,13,118,100,16,28,5,1,6,2,0,14,25,.280,.373,.530,.903,.310,53,2,2,0,2,0,1,nogosst01
535,Aaron Nola,30,PHI,133.1,,21,536,500,69,112,19,2,23,13,4,30,133,.224,.268,.408,.676,.256,204,9,1,2,3,0,6,nolaaa01
536,Sean Nolin*,33,MIA,3.0,,1,18,16,6,7,1,1,2,0,0,2,2,.438,.500,1.000,1.500,.417,16,0,0,0,0,0,0,nolinse01
537,Daniel Norris*,30,CLE,4.0,,2,15,11,0,0,0,0,0,1,0,3,2,.000,.267,.000,.267,.000,0,1,1,0,0,0,0,norrida01
538,Bailey Ober,27,MIN,94.2,,16,367,344,31,74,17,1,11,3,5,18,90,.215,.262,.366,.628,.258,126,5,4,0,1,0,1,oberba01
539,Shohei Ohtani,28,LAA,120.2,,20,488,426,49,79,14,0,18,4,2,50,156,.185,.287,.345,.633,.242,147,14,11,0,0,0,5,ohtansh01
540,Steven Okert*,31,MIA,36.0,,41,143,127,14,23,6,1,5,5,0,14,49,.181,.268,.362,.630,.247,46,1,1,1,0,0,0,okertst01
541,Adam Oller,28,OAK,19.2,,9,101,85,24,29,5,0,5,0,1,12,13,.341,.416,.576,.992,.343,49,0,1,0,3,0,1,ollerad01
542,Reese Olson,23,DET,43.2,,10,179,168,24,38,6,2,7,1,0,10,45,.226,.268,.411,.679,.265,69,2,0,0,1,0,2,olsonre01
543,Kaleb Ort,31,BOS,23.0,,21,107,93,19,27,6,0,6,4,0,9,24,.290,.356,.548,.904,.328,51,1,1,3,1,1,2,ortka01
544,Oliver Ortega,26,MIN,14.0,,9,58,52,7,11,1,0,2,2,0,4,14,.212,.276,.346,.622,.243,18,0,1,0,1,0,0,ortegol01
545,Luis Ortiz,27,PHI,14.0,,10,60,54,6,15,4,1,1,0,0,5,12,.278,.339,.444,.783,.341,24,2,0,1,0,0,1,ortizlu02
546,Luis Ortiz,24,PIT,53.2,,11,247,217,33,67,8,1,11,2,0,26,34,.309,.381,.507,.887,.320,110,8,1,0,3,0,0,ortizlu03
547,Adam Ottavino,37,NYM,41.1,,44,176,149,16,31,6,0,5,16,1,18,39,.208,.322,.349,.671,.248,52,3,7,2,0,1,0,ottavad01
548,Glenn Otto,27,TEX,8.1,,4,40,35,10,10,0,0,4,1,0,5,9,.286,.375,.629,1.004,.273,22,0,0,0,0,0,0,ottogl01
549,Connor Overton,29,CIN,11.0,,3,55,47,14,19,4,2,3,1,1,7,9,.404,.473,.766,1.239,.444,36,1,0,0,1,0,0,overtco01
550,Johan Oviedo,25,PIT,117.1,,21,516,453,64,109,27,4,13,6,1,49,106,.241,.322,.404,.726,.284,183,7,7,1,4,1,4,oviedjo01
551,Chris Owings,31,PIT,1.0,,1,6,6,0,2,0,0,0,0,0,0,0,.333,.333,.333,.667,.333,2,0,0,0,0,0,1,owingch01
552,Nicholas Padilla,26,CHW,4.2,,3,23,22,3,9,3,0,1,0,0,1,6,.409,.435,.682,1.117,.533,15,0,0,0,0,0,0,padilni01
553,Emilio Pagán,32,MIN,44.1,,41,179,164,18,33,11,1,4,0,2,14,42,.201,.268,.354,.622,.246,58,2,1,0,0,1,2,paganem01
554,Daniel Palencia,23,CHC,7.1,,7,28,25,2,6,2,0,1,0,0,3,7,.240,.321,.440,.761,.294,11,0,0,0,0,0,0,palenda01
555,Andre Pallante,24,STL,37.2,,35,166,143,20,38,7,0,3,6,3,20,31,.266,.361,.378,.739,.318,54,3,2,0,1,0,1,pallaan01
556,Thomas Pannone*,29,MIL,2.2,,1,14,13,2,5,1,0,0,0,0,1,4,.385,.429,.462,.890,.556,6,0,0,0,0,0,0,pannoth01
557,Luis Patiño,23,TBR,4.0,,2,19,17,4,5,0,0,2,2,0,2,5,.294,.368,.647,1.015,.300,11,0,0,0,0,0,0,patinlu01
558,Spencer Patton,35,OAK,5.1,,4,22,19,4,5,1,1,2,0,0,1,1,.263,.273,.737,1.010,.167,14,0,0,0,2,0,0,pattosp01
559,James Paxton*,34,BOS,65.0,,12,258,237,27,47,9,0,9,2,0,18,75,.198,.260,.350,.610,.247,83,3,2,0,1,0,1,paxtoja01
560,Joel Payamps,29,MIL,48.1,,46,187,173,11,34,5,0,5,5,1,8,55,.197,.242,.312,.554,.252,54,3,3,0,2,0,0,payamjo01
561,Nate Pearson,26,TOR,36.0,,29,151,135,21,31,7,0,6,6,1,11,36,.230,.298,.415,.713,.263,56,1,3,0,2,2,1,pearsna01
562,Elvis Peguero,26,MIL,41.0,,39,167,148,16,32,2,0,2,10,1,15,36,.216,.305,.270,.576,.273,40,5,4,0,0,0,1,pegueel01
563,Freddy Peralta,27,MIL,109.0,,20,463,411,60,93,27,0,18,4,0,43,131,.226,.308,.423,.731,.285,174,6,6,1,1,0,1,peralfr01
564,Sammy Peralta*,25,CHW,1.2,,2,11,8,2,3,1,0,0,0,0,3,4,.375,.545,.500,1.045,.750,4,0,0,0,0,0,0,peralsa01
565,Wandy Peralta*,31,NYY,39.0,,46,163,137,12,26,2,1,3,0,2,21,32,.190,.315,.285,.599,.225,39,4,4,1,0,0,3,peralwa01
566,Angel Perdomo*,29,PIT,20.2,,21,81,69,10,13,4,0,3,3,2,7,30,.188,.291,.377,.668,.278,26,2,3,2,0,0,1,perdoan01
567,Carlos Pérez,32,OAK,1.2,,2,10,8,2,4,1,0,1,0,0,2,0,.500,.600,1.000,1.600,.429,8,1,0,0,0,0,0,perezca02
568,Cionel Pérez*,27,BAL,33.2,,38,165,137,21,41,9,0,2,5,0,21,26,.299,.401,.409,.810,.355,56,3,3,3,1,2,1,perezci01
569,Eury Pérez,20,MIA,53.1,,11,215,197,15,41,15,1,7,4,0,17,61,.208,.274,.401,.675,.264,79,5,1,0,0,0,1,perezeu02
570,Martín Pérez*,32,TEX,102.2,,19,451,406,60,115,18,1,18,2,1,38,68,.283,.343,.466,.809,.299,189,11,1,2,4,0,4,perezma02
571,David Peterson*,27,NYM,60.1,,16,272,242,41,75,14,2,9,4,3,25,66,.310,.376,.496,.872,.391,120,6,2,1,2,0,2,peterda01
572,Jace Peterson,33,OAK,2.0,,2,12,9,2,3,1,0,1,0,0,3,1,.333,.500,.778,1.278,.286,7,0,0,0,0,0,0,peterja01
573,Brandon Pfaadt,24,ARI,31.2,,7,146,133,31,42,8,2,12,2,3,10,27,.316,.370,.677,1.047,.316,90,1,2,0,1,0,0,pfaadbr01
574,Brett Phillips,29,LAA,0.1,,1,3,2,0,1,0,0,0,0,0,1,0,.500,.667,.500,1.167,.500,1,0,0,0,0,0,0,phillbr02
575,Evan Phillips,28,LAD,39.1,,41,147,135,10,23,5,0,3,2,1,9,46,.170,.231,.274,.505,.230,37,5,2,0,1,0,2,phillev01
576,Konnor Pilkington*,25,CLE,2.0,,1,8,7,0,1,0,0,0,1,0,1,2,.143,.250,.143,.393,.200,1,0,0,0,0,0,0,pilkiko01
577,Riley Pint,25,COL,0.1,,1,5,2,1,1,1,0,0,0,0,3,0,.500,.800,1.000,1.800,.500,2,0,0,0,0,0,0,pintri01
578,Nick Pivetta,30,BOS,81.0,,25,340,300,42,61,16,1,12,8,0,34,100,.203,.292,.383,.675,.259,115,3,4,0,1,1,1,pivetni01
579,Zach Plesac,28,CLE,21.1,,5,105,99,20,37,11,0,3,1,0,5,14,.374,.404,.576,.980,.415,57,1,0,1,0,0,2,plesaza01
580,Colin Poche*,29,TBR,37.0,,41,154,132,11,25,6,0,4,4,1,17,31,.189,.283,.326,.609,.212,43,0,1,2,2,0,1,pocheco01
581,Zach Pop,26,TOR,13.2,,15,56,50,11,11,1,0,4,1,0,6,14,.220,.304,.480,.784,.219,24,2,0,0,0,0,0,popza01
582,Ryan Pressly,34,HOU,46.1,,46,181,170,22,34,4,1,6,0,0,9,50,.200,.238,.341,.579,.241,58,3,0,0,2,0,1,pressry01
583,Quinn Priester,22,PIT,10.2,,2,48,43,11,11,4,0,4,0,0,5,6,.256,.333,.628,.961,.212,27,0,0,0,0,0,0,priesqu01
584,Austin Pruitt,33,OAK,37.2,,29,153,144,18,37,6,1,5,2,1,7,22,.257,.288,.417,.704,.269,60,3,0,0,2,1,1,pruitau01
585,A.J. Puk*,28,MIA,32.1,,34,141,130,20,32,4,0,6,6,0,7,41,.246,.286,.415,.701,.306,54,1,1,1,2,1,3,pukaj01
586,Cal Quantrill,28,CLE,67.0,,13,307,276,49,83,14,2,8,5,1,22,38,.301,.358,.453,.811,.321,125,5,5,0,4,0,3,quantca01
587,Johan Quezada,28,MIA,0.2,,1,8,2,3,1,1,0,0,0,0,5,0,.500,.750,1.000,1.750,.333,2,0,0,0,1,0,0,quezajo01
588,José Quijada*,27,LAA,9.0,,10,41,36,7,8,1,0,0,0,0,3,8,.222,.317,.250,.567,.286,9,0,2,0,0,0,0,quijajo01
589,José Quintana*,34,NYM,11.0,,2,46,41,5,12,2,0,0,0,0,3,8,.293,.326,.341,.668,.343,14,2,0,0,2,0,0,quintjo01
590,Cole Ragans*,25,TOT,29.1,,18,126,107,18,24,4,0,4,2,1,16,27,.224,.325,.374,.699,.256,40,2,1,0,2,1,0,raganco01
591,Cole Ragans*,25,TEX,24.1,,17,106,89,17,20,3,0,4,2,0,14,24,.225,.330,.393,.723,.254,35,2,1,0,2,1,0,raganco01
592,Cole Ragans*,25,KCR,5.0,,1,20,18,1,4,1,0,0,0,1,2,3,.222,.300,.278,.578,.267,5,0,0,0,0,0,0,raganco01
593,Brooks Raley*,35,NYM,36.0,,44,157,133,10,28,7,0,3,4,0,17,39,.211,.325,.331,.656,.272,44,2,6,0,1,1,2,raleybr01
594,Luke Raley,28,TBR,2.2,,2,19,19,9,11,1,1,2,0,0,0,1,.579,.579,1.053,1.632,.563,20,0,0,0,0,0,0,raleylu01
595,Erasmo Ramírez,33,WSN,27.0,,23,126,112,20,36,6,0,4,1,0,6,13,.321,.357,.482,.839,.320,54,2,3,0,5,0,2,ramirer02
596,Nick Ramirez*,33,NYY,26.1,,22,116,107,12,29,8,1,1,2,0,8,22,.271,.322,.393,.714,.333,42,2,0,1,0,0,2,ramirni01
597,Yohan Ramirez,28,PIT,29.2,,23,136,116,17,31,2,0,3,5,1,13,25,.267,.375,.362,.737,.318,42,6,7,0,0,1,1,ramiryo01
598,Drew Rasmussen,27,TBR,44.2,,8,177,163,13,36,6,0,2,3,2,11,47,.221,.273,.294,.567,.296,48,4,1,1,1,0,1,rasmudr01
599,Robbie Ray*,31,SEA,3.1,,1,19,13,5,4,1,0,0,2,0,5,3,.308,.474,.385,.858,.364,5,0,0,0,1,0,0,rayro02
600,Colin Rea,32,MIL,91.1,,18,382,346,48,82,14,3,15,13,1,27,75,.237,.295,.425,.720,.258,147,6,3,2,4,0,3,reaco01
601,Jake Reed,30,LAD,0.2,,1,7,6,6,5,1,0,1,0,1,1,1,.833,.857,1.500,2.357,1.000,9,0,0,0,0,0,0,reedja02
602,Denyi Reyes,26,NYM,7.1,,6,32,29,5,8,0,0,2,2,0,3,8,.276,.344,.483,.827,.316,14,1,0,0,0,0,0,reyesde02
603,Gerardo Reyes,30,LAA,6.2,,5,34,27,6,7,2,0,1,2,0,4,4,.259,.382,.444,.827,.261,12,0,2,0,1,0,1,reyesge01
604,Pablo Reyes,29,BOS,1.0,,1,7,5,1,2,0,0,0,0,0,2,0,.400,.571,.400,.971,.400,2,0,0,0,0,0,0,reyespa01
605,Trevor Richards,30,TOR,52.0,,37,217,192,19,40,8,0,9,1,0,22,77,.208,.295,.391,.686,.290,75,3,2,0,1,0,1,richatr01
606,Yacksel Ríos,30,OAK,1.2,,3,14,8,7,3,0,0,1,0,0,6,2,.375,.643,.750,1.393,.400,6,0,0,0,0,0,0,riosya01
607,David Robertson,38,NYM,44.0,,40,172,156,13,31,6,0,5,5,0,13,48,.199,.269,.333,.602,.252,52,5,2,1,0,1,1,roberda08
608,Nick Robertson,24,LAD,10.1,,9,50,46,10,17,4,1,1,0,0,4,13,.370,.420,.565,.985,.500,26,3,0,0,0,0,1,roberni01
609,Carlos Rodón*,30,NYY,20.1,,4,90,76,13,16,2,0,4,0,0,12,15,.211,.322,.395,.717,.207,30,1,1,0,1,0,1,rodonca01
610,Dereck Rodríguez,31,TOT,3.1,,3,14,11,1,2,1,0,0,0,0,2,1,.182,.286,.273,.558,.182,3,0,0,0,1,0,0,rodride01
611,Dereck Rodríguez,31,MIN,0.2,,1,4,2,1,1,0,0,0,0,0,1,0,.500,.500,.500,1.000,.333,1,0,0,0,1,0,0,rodride01
612,Dereck Rodríguez,31,ATL,2.2,,2,10,9,0,1,1,0,0,0,0,1,1,.111,.200,.222,.422,.125,2,0,0,0,0,0,0,rodride01
613,Eduardo Rodriguez*,30,DET,88.1,,15,352,324,31,70,14,0,8,4,2,21,91,.216,.265,.333,.598,.271,108,4,2,1,4,0,2,rodried05
614,Elvin Rodriguez,25,TBR,3.1,,1,10,10,0,0,0,0,0,0,0,0,5,.000,.000,.000,.000,.000,0,0,0,0,0,0,0,rodriel02
615,Grayson Rodriguez,23,BAL,56.0,,12,253,227,44,68,10,3,13,2,1,25,66,.300,.368,.542,.909,.369,123,6,0,0,1,0,1,rodrigr01
616,Joely Rodríguez*,31,BOS,11.0,,11,51,45,9,13,3,0,2,1,0,6,14,.289,.373,.489,.861,.379,22,0,0,0,0,0,0,rodrijo06
617,José Rodríguez,27,SEA,3.0,,1,12,11,3,3,2,0,0,0,1,1,1,.273,.333,.455,.788,.300,5,0,0,0,0,0,0,rodrijo07
618,Yerry Rodríguez,25,TEX,12.2,,12,58,53,8,16,6,0,1,0,0,4,14,.302,.345,.472,.817,.385,25,0,0,0,1,1,1,rodriye01
619,Taylor Rogers*,32,SFG,33.2,,39,138,117,12,19,3,0,4,5,0,16,43,.162,.275,.291,.566,.208,34,1,3,0,2,2,2,rogerta01
620,Trevor Rogers*,25,MIA,18.0,,4,79,70,9,16,1,0,2,0,0,6,19,.229,.316,.329,.645,.286,23,0,3,0,0,0,1,rogertr01
621,Tyler Rogers,32,SFG,52.0,,46,212,191,14,42,9,0,3,4,1,14,42,.220,.274,.314,.588,.264,60,4,1,2,2,2,2,rogerty01
622,Josh Rojas,29,ARI,2.0,,2,13,12,4,6,1,0,0,0,0,1,1,.500,.538,.583,1.122,.545,7,0,0,0,0,0,0,rojasjo01
623,Jordan Romano,30,TOR,41.1,,43,171,153,13,33,6,1,4,4,1,14,50,.216,.290,.346,.636,.293,53,2,2,2,0,4,1,romanjo03
624,JoJo Romero*,26,STL,19.2,,15,80,70,10,13,2,1,1,0,1,8,18,.186,.278,.286,.564,.235,20,2,1,1,0,0,0,romerjo01
625,Drew Rucinski,34,OAK,18.0,,4,95,78,22,27,5,0,5,0,1,14,6,.346,.442,.603,1.045,.319,47,2,1,0,2,0,3,rucindr01
626,Michael Rucker,29,CHC,39.1,,34,171,149,22,39,5,2,6,0,1,17,39,.262,.345,.443,.788,.311,66,6,3,0,2,0,1,ruckemi01
627,José Ruiz,28,TOT,44.1,,38,207,178,31,52,9,1,10,4,2,21,39,.292,.382,.522,.904,.321,93,4,6,0,2,1,0,ruizjo01
628,José Ruiz,28,CHW,3.2,,4,25,19,9,8,0,0,3,2,0,4,3,.421,.560,.895,1.455,.385,17,0,2,0,0,0,0,ruizjo01
629,José Ruiz,28,ARI,40.2,,34,182,159,22,44,9,1,7,2,2,17,36,.277,.357,.478,.835,.314,76,4,4,0,2,1,0,ruizjo01
630,Joe Ryan,27,MIN,122.0,,21,500,467,57,109,18,1,21,4,1,24,148,.233,.274,.411,.685,.290,192,5,4,0,5,0,2,ryanjo04
631,Eduardo Salazar,25,CIN,12.1,,8,61,49,11,16,3,0,0,0,0,5,5,.327,.410,.388,.798,.340,19,0,4,0,3,0,0,salazed01
632,Chris Sale*,34,BOS,59.0,,11,249,226,31,55,15,2,8,6,1,15,71,.243,.305,.434,.739,.315,98,4,6,0,2,0,3,salech01
633,Cristopher Sánchez*,26,PHI,42.1,,8,166,160,17,35,5,1,7,4,1,6,38,.219,.247,.394,.641,.243,63,5,0,0,0,0,4,sanchcr01
634,Nick Sandlin,26,CLE,39.2,,38,152,134,18,24,5,0,6,5,3,14,43,.179,.258,.351,.609,.207,47,3,1,1,2,1,0,sandlni01
635,Patrick Sandoval*,26,LAA,98.0,,18,432,384,51,97,16,1,7,5,2,41,81,.253,.331,.354,.685,.304,136,7,4,2,0,2,6,sandopa02
636,Cole Sands,25,MIN,14.0,,10,66,57,7,15,4,0,3,0,0,9,14,.263,.364,.491,.855,.300,28,1,0,0,0,0,1,sandsco01
637,Reiver Sanmartin*,27,CIN,14.0,,14,70,59,13,17,2,0,2,0,0,10,13,.288,.386,.424,.809,.333,25,0,0,0,1,0,0,sanmare01
638,Dennis Santana,27,NYM,8.2,,8,40,33,6,8,2,0,2,0,0,5,11,.242,.350,.485,.835,.286,16,0,1,0,1,0,0,santade01
639,Tony Santillan,26,CIN,3.1,,3,18,13,1,4,2,0,0,0,0,5,1,.308,.500,.462,.962,.333,6,1,0,0,0,1,0,santito01
640,Gregory Santos,23,CHW,50.1,,45,214,200,16,52,6,1,1,9,3,11,49,.260,.308,.315,.623,.340,63,1,3,0,0,0,0,santogr01
641,Tayler Saucedo*,30,SEA,30.1,,31,131,112,9,27,3,0,1,4,1,15,30,.241,.341,.295,.636,.321,33,5,2,2,0,1,2,sauceta01
642,Josh Sborz,29,TEX,37.2,,29,153,138,19,28,4,1,4,4,0,13,52,.203,.276,.333,.610,.293,46,3,1,0,0,0,1,sborzjo01
643,Max Scherzer,38,NYM,100.2,,18,416,383,48,92,13,0,22,7,0,28,114,.240,.296,.446,.742,.281,171,6,3,0,2,0,0,scherma01
644,Clarke Schmidt,27,NYY,99.2,,21,431,392,54,104,28,1,15,4,2,28,97,.265,.320,.457,.777,.312,179,7,6,0,5,0,3,schmicl01
645,Jesse Scholtens,29,CHW,37.0,,15,155,142,16,37,5,0,5,4,1,12,21,.261,.316,.401,.718,.274,57,4,0,0,1,1,2,scholje01
646,Jonathan Schoop,31,DET,1.1,,1,5,5,0,1,0,0,0,0,0,0,1,.200,.200,.200,.400,.250,1,0,0,0,0,0,0,schoojo01
647,John Schreiber,29,BOS,18.2,,20,79,67,6,17,4,0,1,0,0,9,21,.254,.354,.358,.713,.348,24,4,2,0,1,0,0,schrejo01
648,Tanner Scott*,28,MIA,48.0,,47,192,170,15,34,6,0,2,4,0,18,71,.200,.286,.271,.557,.327,46,5,3,0,1,2,0,scottta01
649,Tayler Scott,31,TOT,12.2,,13,64,51,10,15,7,0,2,4,0,9,15,.294,.422,.549,.971,.371,28,1,3,0,1,2,0,scottta02
650,Tayler Scott,31,TOT,6.2,,7,34,27,4,9,3,0,2,1,0,5,7,.333,.471,.667,1.137,.389,18,1,2,0,0,0,0,scottta02
651,Tayler Scott,31,LAD,6.0,,6,30,24,6,6,4,0,0,3,0,4,8,.250,.367,.417,.783,.353,10,0,1,0,1,2,0,scottta02
652,Tayler Scott,31,BOS,3.2,,4,20,15,3,6,2,0,1,1,0,4,2,.400,.550,.733,1.283,.417,11,1,1,0,0,0,0,scottta02
653,Tayler Scott,31,OAK,3.0,,3,14,12,1,3,1,0,1,0,0,1,5,.250,.357,.583,.940,.333,7,0,1,0,0,0,0,scottta02
654,Connor Seabold,27,COL,74.2,,21,346,307,63,93,22,3,17,1,0,25,55,.303,.363,.560,.924,.317,172,4,7,2,5,1,2,seaboco01
655,JP Sears*,27,OAK,111.2,,20,454,416,55,93,12,3,24,10,7,24,101,.224,.282,.440,.722,.235,183,5,11,0,3,0,5,searsjp01
656,Kodai Senga,30,NYM,105.0,,19,446,385,42,77,15,0,11,8,3,53,130,.200,.302,.325,.626,.268,125,7,4,1,2,0,4,sengako01
657,Antonio Senzatela,28,COL,7.2,,2,30,28,4,7,1,0,3,0,1,2,4,.250,.300,.607,.907,.190,17,0,0,0,0,0,0,senzaan01
658,Luis Severino,29,NYY,54.1,,11,256,229,44,72,16,0,14,5,1,22,45,.314,.378,.568,.946,.339,130,1,2,1,1,1,2,severlu01
659,Paul Sewald,33,SEA,42.0,,44,165,150,15,30,5,0,5,2,0,13,59,.200,.262,.333,.596,.287,50,3,0,1,1,1,0,sewalpa01
660,Bryan Shaw,35,CHW,7.2,,6,38,33,8,11,3,0,2,0,0,3,4,.333,.421,.606,1.027,.333,20,1,2,0,0,0,0,shawbr01
661,Emmet Sheehan,23,LAD,29.1,,6,129,111,22,27,7,1,4,3,0,16,22,.243,.333,.432,.766,.264,48,1,0,0,2,0,0,sheehem01
662,Ryan Sherriff*,33,BOS,6.2,,5,29,25,2,6,3,1,0,2,0,2,5,.240,.310,.440,.750,.286,11,0,1,0,1,0,0,sherrry01
663,Zack Short,28,DET,3.0,,3,17,16,1,7,0,0,0,0,0,0,0,.438,.471,.438,.908,.438,7,0,1,0,0,0,0,shortza01
664,Chasen Shreve*,32,DET,38.1,,43,166,149,21,42,6,2,6,1,0,11,39,.282,.327,.470,.797,.333,70,3,1,1,4,0,1,shrevch01
665,Jared Shuster*,24,ATL,45.0,,9,193,168,25,42,8,2,4,9,3,22,25,.250,.337,.393,.730,.270,66,4,1,0,2,0,1,shustja01
666,Chase Silseth,23,LAA,24.1,,10,107,92,15,21,5,0,4,1,0,15,25,.228,.336,.413,.749,.270,38,3,0,0,0,0,0,silsech01
667,Lucas Sims,29,CIN,41.0,,43,170,135,14,20,5,1,4,2,2,25,49,.148,.308,.289,.597,.190,39,2,7,1,2,1,0,simslu01
668,Brady Singer,26,KCR,108.2,,20,479,431,69,124,36,4,12,4,2,36,90,.288,.345,.473,.819,.334,204,11,5,1,6,0,2,singebr01
669,Tarik Skubal*,26,DET,17.0,,4,65,60,7,12,3,2,0,0,0,3,23,.200,.246,.317,.563,.316,19,1,1,0,1,0,0,skubata01
670,Ethan Small*,26,MIL,3.0,,1,18,18,5,9,3,0,1,0,0,0,5,.500,.500,.833,1.333,.667,15,0,0,0,0,0,0,smallet01
671,Devin Smeltzer*,27,MIA,15.2,,6,73,66,14,21,5,0,6,0,0,4,10,.318,.384,.667,1.050,.300,44,1,3,0,0,0,0,smeltde01
672,Chad Smith,28,OAK,13.2,,10,60,51,10,15,2,0,2,0,3,7,9,.294,.400,.451,.851,.325,23,1,2,0,0,0,0,smithch12
673,Drew Smith,29,NYM,34.2,,37,150,128,20,31,7,2,4,4,1,17,39,.242,.347,.422,.769,.314,54,6,4,0,1,0,1,smithdr01
674,Will Smith*,33,TEX,37.0,,37,138,130,12,22,6,0,2,0,1,8,38,.169,.217,.262,.479,.222,34,1,0,0,0,2,0,smithwi04
675,AJ Smith-Shawver,20,ATL,16.2,,4,69,62,10,13,1,0,5,4,1,6,15,.210,.290,.468,.758,.190,29,1,1,0,0,0,1,smithaj01
676,Drew Smyly*,34,CHC,103.2,,20,452,405,59,107,28,2,17,11,4,36,91,.264,.326,.469,.795,.297,190,7,4,1,6,0,4,smylydr01
677,Blake Snell*,30,SDP,114.0,,21,478,410,34,81,16,0,11,11,1,64,147,.198,.308,.317,.625,.277,130,10,2,0,1,0,2,snellbl01
678,Collin Snider,27,KCR,4.2,,5,25,20,4,7,1,0,0,1,0,4,3,.350,.440,.400,.840,.389,8,0,0,0,1,0,0,snideco01
679,Peter Solomon,26,ARI,13.1,,5,67,55,18,17,6,2,2,1,0,11,6,.309,.433,.600,1.033,.319,33,1,1,0,0,0,0,solompe01
680,George Soriano,24,MIA,26.0,,10,109,96,9,19,5,0,1,0,0,9,24,.198,.284,.281,.566,.250,27,2,3,0,1,1,1,soriage01
681,José Soriano,24,LAA,18.0,,16,80,62,7,10,0,0,1,0,1,13,29,.161,.350,.210,.560,.281,13,1,5,0,0,0,0,soriajo02
682,Michael Soroka,25,ATL,29.1,,6,131,116,18,32,7,0,7,0,0,11,23,.276,.359,.517,.876,.291,60,4,4,0,0,0,1,sorokmi01
683,Gregory Soto*,28,PHI,38.2,,44,162,142,21,29,5,0,2,2,0,17,38,.204,.296,.282,.578,.262,40,1,2,0,1,0,0,sotogr01
684,Bennett Sousa*,28,MIL,2.2,,2,14,12,4,5,0,0,1,0,0,2,2,.417,.500,.667,1.167,.444,8,1,0,0,0,0,0,sousabe01
685,Alex Speas,25,TEX,2.0,,3,12,7,3,2,0,0,0,0,1,5,4,.286,.583,.286,.869,.667,2,0,0,0,0,1,0,speasal01
686,Gabe Speier*,28,SEA,33.2,,43,128,119,15,27,5,0,3,3,1,5,35,.227,.266,.345,.610,.289,41,5,2,0,2,1,0,speiega01
687,Jeffrey Springs*,30,TBR,16.0,,3,55,50,1,4,0,0,1,0,0,4,24,.080,.148,.140,.288,.120,7,1,0,0,0,0,0,sprinje01
688,Jacob Stallings,33,MIA,4.0,,4,18,16,3,7,1,0,1,0,0,0,1,.438,.444,.688,1.132,.400,11,2,1,0,1,0,0,stallja01
689,Ryne Stanek,31,HOU,36.0,,38,157,136,19,31,8,0,4,2,0,20,36,.228,.325,.375,.700,.278,51,2,0,0,1,1,0,stanery01
690,Josh Staumont,29,KCR,20.0,,21,89,73,12,16,2,0,1,2,0,13,24,.219,.352,.288,.640,.313,21,3,2,0,0,0,0,staumjo01
691,Justin Steele*,27,CHC,109.2,,19,448,413,38,99,21,2,7,3,4,24,100,.240,.290,.351,.641,.299,145,7,6,3,2,0,3,steelju01
692,Trevor Stephan,27,CLE,44.1,,46,190,167,19,42,10,0,6,10,1,16,46,.251,.321,.419,.740,.308,70,2,2,3,2,1,0,stephtr01
693,Robert Stephenson,30,TOT,31.1,,37,128,111,16,22,5,0,5,1,1,14,42,.198,.283,.378,.662,.258,42,2,0,1,2,1,1,stephro01
694,Robert Stephenson,30,PIT,14.0,,18,61,52,9,12,2,0,3,0,1,8,17,.231,.328,.442,.770,.273,23,1,0,0,1,1,1,stephro01
695,Robert Stephenson,30,TBR,17.1,,19,67,59,7,10,3,0,2,1,0,6,25,.169,.242,.322,.564,.242,19,1,0,1,1,0,0,stephro01
696,Brock Stewart,31,MIN,25.2,,25,99,87,2,15,4,0,1,1,2,11,35,.172,.273,.253,.526,.275,22,3,1,0,0,3,1,stewabr01
697,Gavin Stone,24,LAD,12.0,,4,71,62,18,28,6,1,1,1,0,8,8,.452,.507,.629,1.136,.500,39,2,0,0,1,0,0,stonega01
698,Levi Stoudt,25,CIN,10.1,,4,55,46,11,16,2,2,1,3,0,8,9,.348,.436,.543,.980,.405,25,1,0,0,1,0,1,stoudle01
699,Matt Strahm*,31,PHI,61.2,,32,249,224,26,49,12,1,10,3,0,16,78,.219,.274,.415,.689,.277,93,3,3,1,5,0,0,strahma01
700,Chris Stratton,32,STL,52.1,,41,216,195,28,45,13,2,4,5,2,16,59,.231,.288,.379,.668,.304,74,4,1,1,3,0,1,stratch01
701,Spencer Strider,24,ATL,123.0,,21,502,460,56,98,18,2,18,8,2,36,199,.213,.279,.378,.657,.329,174,4,6,0,0,1,3,stridsp01
702,Ross Stripling,33,SFG,57.2,,15,247,234,38,68,8,0,13,3,3,11,45,.291,.324,.491,.815,.311,115,4,1,0,1,0,1,stripro01
703,Marcus Stroman,32,CHC,125.2,,22,520,468,54,103,21,0,8,16,1,48,109,.220,.296,.316,.612,.270,148,16,3,0,1,0,6,stromma01
704,Peter Strzelecki,28,MIL,35.2,,36,156,136,18,32,8,0,3,9,0,10,37,.235,.323,.360,.683,.299,49,2,8,1,1,1,1,strzepe01
705,Andrew Suárez*,30,STL,4.0,,2,21,19,6,7,3,0,2,0,0,2,2,.368,.429,.842,1.271,.333,16,0,0,0,0,0,0,suarean01
706,José Suarez*,25,LAA,24.1,,6,123,106,27,37,8,0,9,0,1,15,21,.349,.426,.679,1.105,.364,72,1,0,1,1,0,2,suarejo01
707,Ranger Suárez*,27,PHI,79.0,,14,338,304,38,82,19,1,8,5,2,28,73,.270,.330,.418,.748,.327,127,10,1,2,3,0,3,suarera01
708,Robert Suarez,32,SDP,3.0,,3,10,10,1,1,0,0,1,0,1,0,0,.100,.100,.400,.500,.000,4,0,0,0,0,0,1,suarero01
709,Wander Suero,31,LAD,6.2,,4,28,24,6,4,0,0,2,2,0,4,7,.167,.286,.417,.702,.133,10,0,0,0,0,0,0,suerowa01
710,Cole Sulser,33,ARI,4.1,,3,18,15,3,3,0,0,2,0,0,3,4,.200,.333,.600,.933,.111,9,0,0,0,0,0,0,sulseco01
711,Brent Suter*,33,COL,46.2,,34,187,169,18,35,5,2,2,1,2,14,38,.207,.269,.296,.565,.252,50,1,1,1,2,0,1,suterbr01
712,Erik Swanson,29,TOR,47.2,,48,191,172,19,37,8,1,6,7,1,18,53,.215,.289,.378,.667,.274,65,6,0,1,0,0,0,swanser01
713,Devin Sweet,26,SEA,1.0,,1,5,4,2,1,0,0,1,0,0,1,0,.250,.400,1.000,1.400,.000,4,0,0,0,0,0,0,sweetde01
714,Noah Syndergaard,30,LAD,55.1,,12,246,227,44,71,12,3,12,20,1,9,38,.313,.350,.551,.900,.326,125,5,6,0,4,0,0,syndeno01
715,Jameson Taillon,31,CHC,83.0,,17,360,331,58,92,20,1,14,7,1,24,73,.278,.331,.471,.802,.317,156,7,3,0,2,0,3,taillja01
716,Domingo Tapia,31,SDP,17.2,,15,75,62,8,13,3,0,2,1,1,12,14,.210,.347,.355,.702,.239,22,2,1,0,0,1,0,tapiado01
717,Freddy Tarnok,24,OAK,8.1,,3,36,30,6,6,2,0,3,1,0,6,7,.200,.333,.567,.900,.150,17,1,0,0,0,0,0,tarnofr01
718,Josh Taylor*,30,KCR,17.2,,17,83,72,17,22,5,0,4,2,0,9,26,.306,.373,.542,.915,.409,39,1,0,0,2,1,0,taylojo02
719,Julio Teheran,32,MIL,57.2,,10,229,213,25,49,10,2,9,8,3,11,40,.230,.279,.423,.702,.242,90,3,4,0,1,0,2,teherju01
720,Ryan Tepera,35,TOT,10.2,,12,57,48,11,18,1,0,3,2,1,4,11,.375,.455,.583,1.038,.441,28,1,3,0,0,1,0,teperry01
721,Ryan Tepera,35,LAA,8.2,,10,46,39,9,15,1,0,2,2,1,3,10,.385,.455,.564,1.019,.481,22,1,2,0,0,1,0,teperry01
722,Ryan Tepera,35,STL,2.0,,2,11,9,2,3,0,0,1,0,0,1,1,.333,.455,.667,1.121,.286,6,0,1,0,0,0,0,teperry01
723,Juan Then,23,SEA,11.0,,9,48,46,6,14,2,0,3,3,0,2,5,.304,.333,.543,.877,.289,25,1,0,0,0,0,0,thenju01
724,Caleb Thielbar*,36,MIN,10.1,,12,40,37,3,8,3,1,1,0,1,2,10,.216,.256,.432,.689,.269,16,0,0,1,0,0,0,thielca01
725,Lane Thomas,27,WSN,1.0,,1,6,6,3,3,1,0,1,0,0,0,1,.500,.500,1.167,1.667,.500,7,0,0,0,0,0,0,thomala02
726,Keegan Thompson,28,CHC,21.1,,15,91,75,10,14,2,0,1,0,0,14,16,.187,.308,.253,.561,.217,19,1,0,0,2,0,0,thompke02
727,Mason Thompson,25,WSN,46.0,,40,196,172,26,45,6,1,3,5,2,18,39,.262,.344,.360,.704,.321,62,5,4,1,1,0,1,thompma02
728,Ryan Thompson,31,TBR,17.2,,18,76,65,13,14,5,0,2,3,0,7,12,.215,.320,.385,.705,.235,25,1,3,1,0,0,0,thompry02
729,Zack Thompson*,25,STL,16.0,,14,74,62,10,18,2,0,1,1,0,11,21,.290,.392,.371,.763,.415,23,3,0,0,1,0,0,thompza02
730,Trent Thornton,29,TOR,5.1,,4,22,21,1,7,0,0,0,1,0,1,5,.333,.364,.333,.697,.438,7,2,0,0,0,0,0,thorntr01
731,Michael Tonkin,33,ATL,52.2,,25,208,191,22,41,5,0,6,4,0,11,43,.215,.261,.335,.596,.241,64,5,2,1,3,0,2,tonkimi01
732,Justin Topa,32,SEA,40.0,,44,168,153,15,39,4,1,2,2,0,11,37,.255,.305,.333,.639,.319,51,5,1,1,2,3,1,topaju01
733,Touki Toussaint,27,TOT,31.0,,8,132,103,14,19,4,0,2,2,0,22,25,.184,.336,.282,.617,.215,29,3,3,1,3,0,1,toussto01
734,Touki Toussaint,27,CLE,3.2,,1,19,12,2,3,1,0,0,1,0,5,2,.250,.444,.333,.778,.273,4,0,0,1,1,0,0,toussto01
735,Touki Toussaint,27,CHW,27.1,,7,113,91,12,16,3,0,2,1,0,17,23,.176,.319,.275,.593,.206,25,3,3,0,2,0,1,toussto01
736,Alan Trejo,27,COL,2.0,,2,10,9,3,4,1,0,2,0,0,0,1,.444,.400,1.222,1.622,.286,11,0,0,0,1,0,0,trejoal01
737,Spencer Turnbull,30,DET,31.0,,7,145,127,26,37,10,0,5,3,0,15,24,.291,.379,.488,.867,.327,62,4,3,0,0,0,2,turnbsp01
738,Edwin Uceta,25,NYM,3.0,,1,11,8,0,0,0,0,0,0,1,2,3,.000,.273,.000,.273,.000,0,0,1,0,0,0,0,ucetaed01
739,Erich Uelmen,27,PHI,1.0,,1,8,5,4,3,2,0,0,2,0,2,1,.600,.625,1.000,1.625,.600,5,0,0,0,1,0,0,uelmeer01
740,Duane Underwood Jr.,28,PIT,24.1,,20,100,88,14,24,5,1,3,1,1,11,14,.273,.350,.455,.805,.292,40,5,0,0,1,0,0,underdu01
741,José Ureña,31,COL,18.1,,5,93,78,22,27,6,2,9,3,2,14,9,.346,.441,.821,1.261,.295,64,3,0,0,1,0,2,urenajo01
742,Julio Urías*,26,LAD,81.1,,15,341,310,46,79,19,1,16,9,4,19,77,.255,.301,.477,.778,.283,148,6,4,0,6,0,4,uriasju01
743,Abner Uribe,23,MIL,5.2,,5,23,19,1,3,0,0,0,2,0,3,8,.158,.261,.158,.419,.250,3,0,0,0,1,0,0,uribeab01
744,José Urquidy,28,HOU,27.2,,6,123,111,16,33,4,1,6,5,2,10,23,.297,.358,.514,.871,.325,57,2,1,0,1,0,0,urquijo01
745,Framber Valdez*,29,HOU,126.0,,20,516,470,51,112,25,0,11,11,1,32,134,.238,.292,.362,.654,.306,170,12,6,2,5,0,5,valdefr01
746,Chris Vallimont,26,BAL,0.2,,1,2,2,0,1,1,0,0,0,0,0,1,.500,.500,1.000,1.500,1.000,2,0,0,0,0,0,0,vallich01
747,Carlos Vargas,23,ARI,4.2,,5,22,17,3,5,0,0,2,0,0,4,7,.294,.455,.647,1.102,.375,11,2,1,0,0,0,0,vargaca01
748,Ildemaro Vargas,31,WSN,1.0,,1,3,3,0,0,0,0,0,0,0,0,0,.000,.000,.000,.000,.000,0,0,0,0,0,0,0,vargail01
749,Gus Varland,26,MIL,8.2,,8,51,42,12,15,2,0,3,1,0,8,6,.357,.471,.619,1.090,.364,26,0,1,0,0,0,1,varlagu01
750,Louie Varland,25,MIN,56.0,,10,241,222,33,60,7,4,14,1,1,16,54,.270,.321,.527,.848,.297,117,2,1,1,1,0,1,varlalo01
751,Andrew Vasquez*,29,PHI,39.2,,29,169,148,10,34,4,0,3,0,0,14,34,.230,.315,.318,.633,.277,47,3,5,1,1,1,0,vasquan02
752,Randy Vásquez,24,NYY,15.1,,3,65,54,2,9,1,0,1,1,0,7,10,.167,.297,.241,.538,.186,13,0,3,0,0,0,0,vasqura02
753,Vince Velasquez,31,PIT,37.1,,8,162,146,16,35,9,0,4,5,0,14,37,.240,.311,.384,.694,.295,56,2,1,1,0,0,2,velasvi01
754,Drew VerHagen,32,STL,40.1,,37,187,162,24,41,10,0,6,4,0,19,42,.253,.337,.426,.763,.299,69,1,3,0,3,2,2,verhadr01
755,Justin Verlander,40,NYM,89.0,,15,364,331,35,72,17,0,9,5,2,30,76,.218,.283,.350,.633,.254,116,6,1,0,2,0,3,verlaju01
756,Alex Vesia*,27,LAD,27.0,,32,130,116,19,37,5,1,5,6,1,13,42,.319,.392,.509,.901,.464,59,0,1,0,0,2,0,vesiaal01
757,Nick Vespi*,27,BAL,9.0,,5,35,33,3,9,3,0,1,0,1,1,7,.273,.314,.455,.769,.320,15,1,1,0,0,1,0,vespini01
758,Will Vest,28,DET,29.2,,27,120,110,10,23,4,1,1,1,0,9,32,.209,.269,.291,.560,.286,32,2,0,0,0,0,0,vestwi01
759,David Villar,26,SFG,1.0,,1,3,2,0,0,0,0,0,0,0,1,0,.000,.333,.000,.333,.000,0,1,0,0,0,0,0,villada01
760,Jason Vosler,29,CIN,2.0,,2,11,11,1,5,0,0,0,0,0,0,0,.455,.455,.455,.909,.455,5,0,0,0,0,0,0,vosleja01
761,Austin Voth,31,BAL,31.0,,23,144,126,19,35,4,0,6,1,0,14,31,.278,.361,.452,.813,.322,57,1,3,0,1,1,0,vothau01
762,Michael Wacha,31,SDP,85.2,,15,343,316,27,67,22,1,8,4,3,25,73,.212,.274,.364,.638,.251,115,3,2,0,0,0,1,wachami01
763,Adam Wainwright,41,STL,56.2,,12,275,250,52,88,21,2,10,3,0,21,31,.352,.401,.572,.973,.370,143,6,1,1,2,0,2,wainwad01
764,Cole Waites,25,SFG,2.1,,3,15,13,5,6,1,0,0,2,0,2,2,.462,.533,.538,1.072,.545,7,0,0,0,0,0,1,waiteco01
765,Ken Waldichuk*,25,OAK,84.2,,24,399,336,65,99,24,2,16,7,4,51,84,.295,.389,.521,.910,.343,175,10,5,0,6,1,3,waldike01
766,Matt Waldron,26,SDP,4.2,,1,19,18,2,4,0,0,2,0,0,1,2,.222,.263,.556,.819,.143,10,0,0,0,0,0,0,waldrma01
767,Josh Walker*,28,NYM,6.2,,8,32,26,6,7,1,0,0,0,0,6,6,.269,.406,.308,.714,.350,8,1,0,0,0,0,0,walkejo03
768,Ryan Walker,27,SFG,33.1,,24,139,128,12,32,7,0,5,3,2,9,38,.250,.304,.422,.726,.318,54,2,1,1,0,0,2,walkery01
769,Taijuan Walker,30,PHI,113.0,,21,468,417,51,98,23,2,13,8,6,46,98,.235,.313,.393,.706,.276,164,6,2,1,2,0,2,walketa01
770,Brandon Walter*,26,BOS,14.2,,6,65,60,6,17,4,0,1,1,0,4,9,.283,.338,.400,.738,.320,24,0,1,0,0,0,1,waltebr01
771,Andrew Wantz,27,LAA,23.2,,15,96,84,13,16,2,2,2,1,0,9,22,.190,.271,.333,.604,.226,28,2,1,0,2,0,1,wantzan01
772,Thaddeus Ward,26,WSN,30.1,,22,136,111,24,26,3,0,7,2,2,24,26,.234,.368,.450,.818,.241,50,3,0,0,1,1,0,wardth01
773,Austin Warren,27,LAA,1.2,,2,6,6,1,2,0,0,1,0,0,0,2,.333,.333,.833,1.167,.333,5,0,0,0,0,0,0,warreau01
774,Ryan Weathers*,23,SDP,44.2,,12,196,176,33,55,11,0,9,0,2,17,29,.313,.372,.528,.901,.329,93,6,1,0,2,0,0,weathry01
775,Luke Weaver,29,CIN,80.0,,17,370,339,64,108,25,3,20,1,2,26,65,.319,.370,.587,.957,.344,199,4,3,0,2,0,2,weavelu01
776,Jacob Webb,29,LAA,27.2,,26,121,102,11,19,4,1,4,3,0,16,29,.186,.308,.363,.671,.217,37,0,2,1,0,3,0,webbja01
777,Logan Webb,26,SFG,134.1,,21,536,507,56,126,19,3,16,8,3,24,136,.249,.287,.393,.679,.310,199,18,3,1,0,0,5,webblo01
778,Ryan Weber,32,NYY,14.1,,8,60,57,5,17,4,0,2,3,0,1,7,.298,.317,.474,.790,.306,27,2,1,0,1,0,0,weberry01
779,Jordan Weems,30,WSN,27.1,,22,112,94,13,15,5,0,5,1,0,15,27,.160,.288,.372,.661,.161,35,2,2,1,0,1,1,weemsjo01
780,Zack Weiss,31,LAA,5.1,,6,25,22,3,6,0,0,2,0,0,2,7,.273,.360,.545,.905,.308,12,0,1,0,0,0,0,weissza01
781,Greg Weissert,28,NYY,6.2,,6,31,25,3,7,0,0,2,1,1,5,7,.280,.419,.520,.939,.313,13,1,1,0,0,0,0,weissgr01
782,Tyler Wells,28,BAL,111.0,,20,440,405,47,80,15,2,23,1,1,30,110,.198,.257,.415,.672,.208,168,7,3,0,2,0,3,wellsty01
783,Joey Wentz*,25,DET,71.2,,16,330,298,57,86,15,2,16,4,1,31,66,.289,.355,.513,.868,.323,153,3,0,0,1,0,3,wentzjo01
784,Hayden Wesneski,25,CHC,60.2,,15,254,232,36,58,10,0,14,1,2,15,49,.250,.303,.474,.777,.259,110,5,3,2,1,0,1,wesneha01
785,Zack Wheeler,33,PHI,118.1,,20,495,461,54,112,29,1,10,3,2,23,134,.243,.287,.375,.662,.318,173,3,7,0,4,0,3,wheelza01
786,Brendan White,24,DET,23.0,,18,99,86,15,22,3,0,3,3,0,9,22,.256,.337,.395,.732,.306,34,2,2,1,1,0,1,whitebr01
787,Mitch White,28,TOR,12.2,,10,60,51,11,15,6,0,2,1,0,7,13,.294,.367,.529,.896,.342,27,1,0,0,2,0,1,whitemi03
788,Owen White,23,TEX,4.0,,2,19,16,5,5,0,0,2,0,0,2,4,.313,.389,.688,1.076,.300,11,0,0,1,0,0,0,whiteow01
789,Garrett Whitlock,27,BOS,51.2,,10,216,205,31,61,15,0,10,5,5,7,47,.298,.324,.517,.841,.340,106,4,2,0,2,0,2,whitlga01
790,Devin Williams,28,MIL,40.1,,41,159,139,8,20,5,0,3,9,1,20,59,.144,.252,.245,.496,.221,34,2,0,0,0,1,2,willide03
791,Gavin Williams,23,CLE,37.2,,7,157,137,14,32,5,2,4,4,1,17,31,.234,.318,.387,.705,.269,53,2,1,0,2,0,0,williga01
792,Luke Williams,26,LAD,1.0,,1,3,3,0,0,0,0,0,0,0,0,0,.000,.000,.000,.000,.000,0,0,0,0,0,0,0,willilu01
793,Trevor Williams,31,WSN,104.2,,21,460,419,59,118,24,1,21,6,1,33,77,.282,.336,.494,.830,.298,207,6,3,1,4,0,1,willitr01
794,Brandon Williamson*,25,CIN,58.2,,12,245,219,33,51,14,1,10,1,3,23,46,.233,.307,.443,.750,.250,97,5,1,1,1,0,1,willibr02
795,Amos Willingham,24,WSN,9.0,,9,46,43,11,17,2,0,5,0,0,2,5,.395,.435,.791,1.225,.364,34,1,1,0,0,0,0,william01
796,Bryse Wilson,25,MIL,48.2,,33,196,179,17,37,10,1,4,3,0,12,41,.207,.262,.341,.602,.243,61,2,2,1,2,0,1,wilsobr02
797,Steven Wilson,28,SDP,42.0,,40,167,146,12,24,5,0,4,2,0,19,44,.164,.269,.281,.550,.204,41,2,2,0,0,0,0,wilsost02
798,Allan Winans,27,ATL,4.1,,1,18,16,2,5,1,0,0,0,0,1,5,.313,.333,.375,.708,.417,6,1,0,0,1,0,0,winanal01
799,Josh Winckowski,25,BOS,55.1,,35,235,217,23,58,7,0,8,1,1,16,47,.267,.323,.410,.734,.309,89,9,2,0,0,1,2,winckjo01
800,Josh Winder,26,MIN,9.2,,5,40,37,4,10,4,0,1,0,0,3,11,.270,.325,.459,.784,.360,17,1,0,0,0,0,0,windejo01
801,Trey Wingenter,29,DET,6.1,,7,29,24,5,6,1,0,1,0,0,3,6,.250,.379,.417,.796,.294,10,1,2,0,0,0,0,wingetr01
802,Keaton Winn,25,SFG,22.0,,5,91,81,10,18,4,0,3,1,2,5,14,.222,.300,.383,.683,.234,31,1,4,0,0,0,0,winnke01
803,Brett Wisely,24,SFG,1.0,,1,4,4,1,1,0,0,1,0,0,0,0,.250,.250,1.000,1.250,.000,4,0,0,0,0,0,0,wiselbr01
804,Nick Wittgren,32,KCR,23.2,,22,106,94,17,26,10,0,2,1,1,10,15,.277,.358,.447,.805,.312,42,2,2,0,0,0,1,wittgni01
805,Jackson Wolf*,24,SDP,5.0,,1,22,21,3,6,1,0,0,0,0,1,1,.286,.318,.333,.652,.300,7,0,0,0,0,0,0,wolfja01
806,Jake Wong,26,CIN,3.0,,1,15,12,3,6,1,0,0,0,1,3,0,.500,.600,.583,1.183,.500,7,2,0,0,0,0,0,wongja01
807,Bryan Woo,23,SEA,44.0,,9,187,170,27,40,8,1,8,5,0,13,54,.235,.299,.435,.735,.294,74,1,3,0,1,0,0,woobr01
808,Alex Wood*,32,SFG,60.2,,16,271,232,35,60,16,1,8,3,1,30,51,.259,.361,.440,.800,.301,102,5,7,2,0,0,0,woodal02
809,Jake Woodford,26,STL,39.2,,12,182,159,26,50,12,1,8,2,1,17,25,.314,.385,.553,.938,.326,88,4,3,0,3,0,1,woodfja01
810,Brandon Woodruff,30,MIL,11.1,,2,42,39,1,7,1,0,1,0,1,3,12,.179,.238,.282,.520,.231,11,1,0,0,0,0,0,woodrbr01
811,Simeon Woods Richardson,22,MIN,4.2,,1,24,20,5,7,2,0,1,0,0,3,5,.350,.435,.600,1.035,.429,12,0,0,1,0,0,0,woodssi01
812,Kyle Wright,27,ATL,18.2,,5,93,80,14,23,4,0,2,2,0,10,20,.288,.380,.413,.793,.362,33,2,2,1,0,0,3,wrighky01
813,Randy Wynne,30,CIN,2.1,,1,11,10,1,3,2,0,0,0,0,1,0,.300,.364,.500,.864,.300,5,0,0,0,0,0,0,wynnera01
814,Jimmy Yacabonis,31,NYM,9.0,,5,44,38,9,12,4,0,1,1,0,4,8,.316,.386,.500,.886,.367,19,0,1,0,1,0,0,yacabji01
815,Ryan Yarbrough*,31,KCR,44.0,,13,185,169,23,45,6,0,4,3,4,9,24,.266,.324,.373,.697,.289,63,3,6,0,1,0,2,yarbrry01
816,Kirby Yates,36,ATL,38.1,,38,163,138,15,26,4,0,7,7,2,22,52,.188,.307,.370,.676,.238,51,0,2,0,1,1,1,yateski01
817,Alex Young*,29,CIN,40.0,,47,170,154,12,36,5,1,5,3,1,15,38,.234,.306,.377,.683,.279,58,2,1,0,0,0,0,youngal01
818,Danny Young*,29,ATL,8.1,,8,35,30,1,7,1,0,0,0,1,2,11,.233,.343,.267,.610,.368,8,1,3,0,0,0,0,youngda02
819,Rob Zastryzny*,31,PIT,17.0,,18,83,68,13,20,4,0,1,1,0,13,13,.294,.407,.397,.804,.352,27,2,0,2,0,1,0,zastrro01
820,Bruce Zimmermann*,28,BAL,11.1,,6,53,50,8,15,3,0,3,0,0,0,12,.300,.321,.540,.861,.333,27,0,2,0,1,0,2,zimmebr02
821,Guillermo Zuñiga,24,STL,1.0,,1,3,3,0,0,0,0,0,0,0,0,2,.000,.000,.000,.000,.000,0,0,0,0,0,0,0,zuniggu01